tweet_id,tweet_url,author,text,likes,retweets,hashtags,cleaned_tokens,cleaned_text_str
1.95657e+18,https://x.com/zomato/status/1956574450976968796,@zomato,There‚Äôs always a great time waiting at the end of the tough times. Happy Janmashtami everyone¬†,39,2,,"['theres', 'always', 'great', 'time', 'waiting', 'end', 'tough', 'times', 'happy', 'janmashtami', 'everyone']",theres always great time waiting end tough times happy janmashtami everyone
1.95647e+18,https://x.com/Traderghadge/status/1956467415916904718,@Traderghadge,"Heavy rains in Mumbai, waterlogging everywhere. I just saw a Zomato delivery guy walking through it all to deliver food. The dedication is incredible ‚Äî because of people like him, someone won‚Äôt sleep hungry tonight.  Hats off to our delivery heroes!  #MumbaiRains 
@zomato",137,12,['#MumbaiRains'],"['heavy', 'rains', 'mumbai', 'waterlogging', 'everywhere', 'saw', 'zomato', 'delivery', 'guy', 'walking', 'deliver', 'food', 'dedication', 'incredible', 'people', 'like', 'someone', 'wont', 'sleep', 'hungry', 'tonight', 'hats', 'delivery', 'heroes']",heavy rains mumbai waterlogging everywhere saw zomato delivery guy walking deliver food dedication incredible people like someone wont sleep hungry tonight hats delivery heroes
1.95623e+18,https://x.com/akhileshsharma1/status/1956231069403111695,@akhileshsharma1,"Nice ad 
@zomato
 
@timesofindia
 

Loving it!! 
#IndependenceDay",16000,1520,['#IndependenceDay'],"['nice', 'ad', 'loving']",nice ad loving
1.95626e+18,https://x.com/zomato/status/1956255819361599717,@zomato,To the relentless spirit of this incredible nation  Happy Independence Day ,478,69,,"['relentless', 'spirit', 'incredible', 'nation', 'happy', 'independence', 'day']",relentless spirit incredible nation happy independence day
1.9552e+18,https://x.com/OdiaToka23/status/1955196068892913877,@OdiaToka23,"Price scam by 
@zomato
  ? 
I got the Bill summary of ‚Çπ248  where ‚Çπ23 was for GST & Resturant packing . 
Same invoice generated for the same order claims ‚Çπ236.67 including GST and restaurant package. 
Another invoice attached on the delivery with price ‚Çπ225 

@zomatocare
 looting",1,1,,"['price', 'scam', 'got', 'bill', 'summary', 'gst', 'resturant', 'packing', 'invoice', 'generated', 'order', 'claims', 'including', 'gst', 'restaurant', 'package', 'another', 'invoice', 'attached', 'delivery', 'price', 'looting']",price scam got bill summary gst resturant packing invoice generated order claims including gst restaurant package another invoice attached delivery price looting
1.95638e+18,https://x.com/simranrambles/status/1956384305850229040,@simranrambles,why would you ever zomato food,221,2,,"['would', 'ever', 'zomato', 'food']",would ever zomato food
1.95483e+18,https://x.com/soge_rushikesh/status/1954828680032641331,@soge_rushikesh,"Ye sb mere sath hi kyu hota hai.
#zomato",4,0,['#zomato'],"['ye', 'sb', 'mere', 'sath', 'hi', 'kyu', 'hota', 'hai']",ye sb mere sath hi kyu hota hai
1.95346e+18,https://x.com/Deadlykalesh/status/1953455906630308326,@Deadlykalesh,"Zomato delivery guy met with an accident in Delhi. 
Who's at fault?",8100,1167,,"['zomato', 'delivery', 'guy', 'met', 'accident', 'delhi', 'whos', 'fault']",zomato delivery guy met accident delhi whos fault
1.95634e+18,https://x.com/iPrash/status/1956344120386932805,@iPrash,"Brilliant ad, 
@zomato",0,0,,"['brilliant', 'ad']",brilliant ad
1.95442e+18,https://x.com/PressSubodhJain/status/1954424049272017206,@PressSubodhJain,"‡§∏‡§æ‡§≤ 2008 ‡§Æ‡•á‡§Ç Restaurant Discovery & Review_Platform ‡§ï‡•á ‡§§‡•å‡§∞ ‡§™‡§∞ ‡§¨‡§æ‡§ú‡§æ‡§∞ ‡§Æ‡•á‡§Ç ‡§Ü‡§à 
@zomato
 ‡§®‡•á ‡§¨‡§æ‡§¶ ‡§Æ‡•á‡§Ç #Food_Delivery ‡§∂‡•Å‡§∞‡•Ç ‡§ï‡§∞ ‡§¶‡•Ä‡•§ 

‡§Ø‡§æ‡§®‡•Ä ‡§®‡§æ ‡§§‡•ã ‡§ï‡§ö‡•ç‡§ö‡§æ ‡§∏‡§æ‡§Æ‡§æ‡§® ‡§ñ‡§∞‡•Ä‡§¶‡§®‡§æ, ‡§®‡§æ ‡§¨‡§®‡§æ‡§®‡§æ ‡§î‡§∞ ‡§®‡§æ ‡§¨‡•á‡§ö‡§®‡§æ, ‡§ï‡•á‡§µ‡§≤ ‡§Æ‡§æ‡§≤ ‡§∏‡§™‡•ç‡§≤‡§æ‡§à ‡§ï‡•á ‡§≤‡§ø‡§è ‡§∂‡•Å‡§≤‡•ç‡§ï ‡§≤‡•á‡§®‡•á ‡§ï‡§æ ‡§ï‡§æ‡§Æ ‡§π‡•à‡•§ 

‡§≤‡•á‡§ï‡§ø‡§® ‡§Ö‡§¨ ‡§≠‡•ç‡§∞‡§∑‡•ç‡§ü ‡§®‡•å‡§ï‡§∞‡§∂‡§æ‡§π‡•Ä ‡§ï‡•Ä ‡§Æ‡§ø‡§≤‡•Ä‡§≠‡§ó‡§§ ‡§∏‡•á ‡§Ø‡§π ‡§î‡§∞ ‡§ê‡§∏‡•Ä ‡§ï‡§Ç‡§™‡§®‡§ø‡§Ø‡§æ‡§Ç",21,13,['#Food_Delivery'],"['‡§∏‡§æ‡§≤', '‡§Æ‡•á‡§Ç', 'restaurant', 'discovery', 'reviewplatform', '‡§ï‡•á', '‡§§‡•å‡§∞', '‡§™‡§∞', '‡§¨‡§æ‡§ú‡§æ‡§∞', '‡§Æ‡•á‡§Ç', '‡§Ü‡§à', '‡§®‡•á', '‡§¨‡§æ‡§¶', '‡§Æ‡•á‡§Ç', '‡§∂‡•Å‡§∞‡•Ç', '‡§ï‡§∞', '‡§¶‡•Ä‡•§', '‡§Ø‡§æ‡§®‡•Ä', '‡§®‡§æ', '‡§§‡•ã', '‡§ï‡§ö‡•ç‡§ö‡§æ', '‡§∏‡§æ‡§Æ‡§æ‡§®', '‡§ñ‡§∞‡•Ä‡§¶‡§®‡§æ', '‡§®‡§æ', '‡§¨‡§®‡§æ‡§®‡§æ', '‡§î‡§∞', '‡§®‡§æ', '‡§¨‡•á‡§ö‡§®‡§æ', '‡§ï‡•á‡§µ‡§≤', '‡§Æ‡§æ‡§≤', '‡§∏‡§™‡•ç‡§≤‡§æ‡§à', '‡§ï‡•á', '‡§≤‡§ø‡§è', '‡§∂‡•Å‡§≤‡•ç‡§ï', '‡§≤‡•á‡§®‡•á', '‡§ï‡§æ', '‡§ï‡§æ‡§Æ', '‡§π‡•à‡•§', '‡§≤‡•á‡§ï‡§ø‡§®', '‡§Ö‡§¨', '‡§≠‡•ç‡§∞‡§∑‡•ç‡§ü', '‡§®‡•å‡§ï‡§∞‡§∂‡§æ‡§π‡•Ä', '‡§ï‡•Ä', '‡§Æ‡§ø‡§≤‡•Ä‡§≠‡§ó‡§§', '‡§∏‡•á', '‡§Ø‡§π', '‡§î‡§∞', '‡§ê‡§∏‡•Ä', '‡§ï‡§Ç‡§™‡§®‡§ø‡§Ø‡§æ‡§Ç']",‡§∏‡§æ‡§≤ ‡§Æ‡•á‡§Ç restaurant discovery reviewplatform ‡§ï‡•á ‡§§‡•å‡§∞ ‡§™‡§∞ ‡§¨‡§æ‡§ú‡§æ‡§∞ ‡§Æ‡•á‡§Ç ‡§Ü‡§à ‡§®‡•á ‡§¨‡§æ‡§¶ ‡§Æ‡•á‡§Ç ‡§∂‡•Å‡§∞‡•Ç ‡§ï‡§∞ ‡§¶‡•Ä‡•§ ‡§Ø‡§æ‡§®‡•Ä ‡§®‡§æ ‡§§‡•ã ‡§ï‡§ö‡•ç‡§ö‡§æ ‡§∏‡§æ‡§Æ‡§æ‡§® ‡§ñ‡§∞‡•Ä‡§¶‡§®‡§æ ‡§®‡§æ ‡§¨‡§®‡§æ‡§®‡§æ ‡§î‡§∞ ‡§®‡§æ ‡§¨‡•á‡§ö‡§®‡§æ ‡§ï‡•á‡§µ‡§≤ ‡§Æ‡§æ‡§≤ ‡§∏‡§™‡•ç‡§≤‡§æ‡§à ‡§ï‡•á ‡§≤‡§ø‡§è ‡§∂‡•Å‡§≤‡•ç‡§ï ‡§≤‡•á‡§®‡•á ‡§ï‡§æ ‡§ï‡§æ‡§Æ ‡§π‡•à‡•§ ‡§≤‡•á‡§ï‡§ø‡§® ‡§Ö‡§¨ ‡§≠‡•ç‡§∞‡§∑‡•ç‡§ü ‡§®‡•å‡§ï‡§∞‡§∂‡§æ‡§π‡•Ä ‡§ï‡•Ä ‡§Æ‡§ø‡§≤‡•Ä‡§≠‡§ó‡§§ ‡§∏‡•á ‡§Ø‡§π ‡§î‡§∞ ‡§ê‡§∏‡•Ä ‡§ï‡§Ç‡§™‡§®‡§ø‡§Ø‡§æ‡§Ç
1.95439e+18,https://x.com/_SanjayGupta/status/1954385756803510752,@_SanjayGupta,"HORRIBLE & DISGUSTING experience ordering from ZOMATO.
Opened adulterated packages and obnoxiously rude delivery partners. That too post 2am.

@zomatocare
 

@zomatocare",4,0,,"['horrible', 'disgusting', 'experience', 'ordering', 'zomato', 'opened', 'adulterated', 'packages', 'obnoxiously', 'rude', 'delivery', 'partners', 'post']",horrible disgusting experience ordering zomato opened adulterated packages obnoxiously rude delivery partners post
1.95426e+18,https://x.com/cleanAirBharat/status/1954259210595930296,@cleanAirBharat,"Hosting a party at home ? Putting in effort to welcome guests, put in the same effort when arranging food from outside! Use reusable containers and shun disposables. This way, the party will be enjoyable not just for your guests, but for the environment too! 

 @Swiggy @Zomato",2,0,,"['hosting', 'party', 'home', 'putting', 'effort', 'welcome', 'guests', 'put', 'effort', 'arranging', 'food', 'outside', 'use', 'reusable', 'containers', 'shun', 'disposables', 'way', 'party', 'enjoyable', 'guests', 'environment']",hosting party home putting effort welcome guests put effort arranging food outside use reusable containers shun disposables way party enjoyable guests environment
1.95531e+18,https://x.com/ravihanda/status/1955309597746708957,@ravihanda,"Fairly disappointed with the order that was delivered. Had cheese poured over the Momo and not inside it. Also, there was no corn in it either. 

More of a restaurant issue to be honest but the way @zomato / @zomatocare handled the issue was poor as well. 

I tried getting to a",10,0,,"['fairly', 'disappointed', 'order', 'delivered', 'cheese', 'poured', 'momo', 'inside', 'also', 'corn', 'either', 'restaurant', 'issue', 'honest', 'way', 'handled', 'issue', 'poor', 'well', 'tried', 'getting']",fairly disappointed order delivered cheese poured momo inside also corn either restaurant issue honest way handled issue poor well tried getting
1.95555e+18,https://x.com/AnikCha95356308/status/1955547845156802905,@AnikCha95356308,"Why is EVERY e-commerce platform in India charging random extra fees?
*Handling Fee
*Payment Handling Fee
*Protect Promise Fee(seriously,what is this?)
Flipkart Amazon Swiggy Zomato all doing it.We‚Äôre already paying for the product, delivery,GST ‚Äî now these hidden charges?",3,0,,"['every', 'ecommerce', 'platform', 'india', 'charging', 'random', 'extra', 'fees', 'handling', 'fee', 'payment', 'handling', 'fee', 'protect', 'promise', 'feeseriouslywhat', 'flipkart', 'amazon', 'swiggy', 'zomato', 'itwere', 'already', 'paying', 'product', 'deliverygst', 'hidden', 'charges']",every ecommerce platform india charging random extra fees handling fee payment handling fee protect promise feeseriouslywhat flipkart amazon swiggy zomato itwere already paying product deliverygst hidden charges
1.95452e+18,https://x.com/nandanakalam/status/1954517585753502090,@nandanakalam,"Hack stories 08/08/25
Devaki Nandana
Being the most zeptoish and starbucks woman, I managed to work out of Asia‚Äôs largest MVRLA factory with bare network (forget about Zepto/ Zomato). I automated the assembly floor and now onto warehouse automations?",3,0,,"['hack', 'stories', 'devaki', 'nandana', 'zeptoish', 'starbucks', 'woman', 'managed', 'work', 'asias', 'largest', 'mvrla', 'factory', 'bare', 'network', 'forget', 'zepto', 'zomato', 'automated', 'assembly', 'floor', 'onto', 'warehouse', 'automations']",hack stories devaki nandana zeptoish starbucks woman managed work asias largest mvrla factory bare network forget zepto zomato automated assembly floor onto warehouse automations
1.95632e+18,https://x.com/UltimateDeall/status/1956321711156334863,@UltimateDeall,"Zomato Gold for 3 months at just ‚Çπ1!  Hurry, open your Zomato app now!

#ccgeek #Zomato #IndependenceDay #discountcode",3,0,"['#ccgeek', '#Zomato', '#IndependenceDay', '#discountcode']","['zomato', 'gold', 'months', 'hurry', 'open', 'zomato', 'app']",zomato gold months hurry open zomato app
1.95381e+18,https://x.com/MarketingMind_/status/1953811601578242500,@MarketingMind_,"This news comes after Shah Rukh Khan was seen in Zomato‚Äôs new ad campaign, Fuel Your Hustle.

#MarketingMind #ShahRukhKhan #Zomato #WhatsBuzzing",960,238,"['#MarketingMind', '#ShahRukhKhan', '#Zomato', '#WhatsBuzzing']","['news', 'comes', 'shah', 'rukh', 'khan', 'seen', 'zomatos', 'new', 'ad', 'campaign', 'fuel', 'hustle']",news comes shah rukh khan seen zomatos new ad campaign fuel hustle
1.95274e+18,https://x.com/anushkag319/status/1952743870938206425,@anushkag319,Swiggy >>>> Zomato. Always ,23,0,,"['swiggy', 'zomato', 'always']",swiggy zomato always
1.95334e+18,https://x.com/Srivstv_ji/status/1953337650443636923,@Srivstv_ji,"Babe di full a kirpa 
@zomato ji ",18,1,,"['babe', 'di', 'full', 'kirpa', 'ji']",babe di full kirpa ji
1.95423e+18,https://x.com/cap_ta7n/status/1954226234965336543,@cap_ta7n,moodevi..bookmyshow nu nenachu zomato kula poitruka,210,8,,"['moodevibookmyshow', 'nu', 'nenachu', 'zomato', 'kula', 'poitruka']",moodevibookmyshow nu nenachu zomato kula poitruka
1.95588e+18,https://x.com/startupexitsind/status/1955880680069435458,@startupexitsind," Rapido enters food delivery with 'Ownly' in Bengaluru, takes on Zomato and Swiggy.

 The company will charge a fixed fee of Rs 25 on orders below Rs 400 and Rs 50 on orders over Rs 400.
#Rapido #banglore #India #ownly",8,0,"['#Rapido', '#banglore', '#India', '#ownly']","['rapido', 'enters', 'food', 'delivery', 'ownly', 'bengaluru', 'takes', 'zomato', 'swiggy', 'company', 'charge', 'fixed', 'fee', 'rs', 'orders', 'rs', 'rs', 'orders', 'rs']",rapido enters food delivery ownly bengaluru takes zomato swiggy company charge fixed fee rs orders rs rs orders rs
1.9564e+18,https://x.com/livingraves/status/1956403658783940790,@livingraves,Don't call me pretty zomato food for me,28,0,,"['dont', 'call', 'pretty', 'zomato', 'food']",dont call pretty zomato food
1.95528e+18,https://x.com/siddharthbosee/status/1955278072703246511,@siddharthbosee,really wanna know what swiggy/zomato or any other delivery boys have to say in the street dogs verdict,3,0,,"['really', 'wan', 'na', 'know', 'swiggyzomato', 'delivery', 'boys', 'say', 'street', 'dogs', 'verdict']",really wan na know swiggyzomato delivery boys say street dogs verdict
1.95376e+18,https://x.com/rahulsavita110/status/1953761159712321773,@rahulsavita110,"I have normalised this everyday.  
Visible improvement in daily activity , sleep,skin health and bowels . 
Best part is it is very pocket friendly 3 weeks worth of salad won't cost more than one or 2 swiggy_zomato orders .
This  is a zero risk high return investment .",11,1,,"['normalised', 'everyday', 'visible', 'improvement', 'daily', 'activity', 'sleepskin', 'health', 'bowels', 'best', 'part', 'pocket', 'friendly', 'weeks', 'worth', 'salad', 'wont', 'cost', 'one', 'swiggyzomato', 'orders', 'zero', 'risk', 'high', 'return', 'investment']",normalised everyday visible improvement daily activity sleepskin health bowels best part pocket friendly weeks worth salad wont cost one swiggyzomato orders zero risk high return investment
1.95593e+18,https://x.com/shrisachin1604/status/1955929615517565279,@shrisachin1604," Rapido is taking on Swiggy & Zomato!
The mobility giant has quietly launched Ownly, a standalone food delivery app, in Koramangala & HSR Layout, Bengaluru
Flat, transparent pricing.Low restaurant commissions.
@entrack @upadhyay_harsh1",7,6,,"['rapido', 'taking', 'swiggy', 'zomato', 'mobility', 'giant', 'quietly', 'launched', 'ownly', 'standalone', 'food', 'delivery', 'app', 'koramangala', 'hsr', 'layout', 'bengaluru', 'flat', 'transparent', 'pricinglow', 'restaurant', 'commissions']",rapido taking swiggy zomato mobility giant quietly launched ownly standalone food delivery app koramangala hsr layout bengaluru flat transparent pricinglow restaurant commissions
1.95335e+18,https://x.com/primal_brainer/status/1953351226122174855,@primal_brainer,"i met this director at zomato back in sep '24. he had dropped out of his mba at ISB to join indmoney, and eventually moved to zomato.

he told me, people either see him as someone who threw away a big opportunity, or someone with guts.

i asked him what he thinks i should do.

he",28,0,,"['met', 'director', 'zomato', 'back', 'sep', 'dropped', 'mba', 'isb', 'join', 'indmoney', 'eventually', 'moved', 'zomato', 'told', 'people', 'either', 'see', 'someone', 'threw', 'away', 'big', 'opportunity', 'someone', 'guts', 'asked', 'thinks']",met director zomato back sep dropped mba isb join indmoney eventually moved zomato told people either see someone threw away big opportunity someone guts asked thinks
1.95532e+18,https://x.com/Courage18203/status/1955322736999534915,@Courage18203,I was craving too hard for noodles and ordered it from @zomato which took around 50 minutes to get delivered and this is what I got ... Fried rice ...I am sick of rice now... Is this way how you give services to your customers? @zomatocare @deepigoyal,3,0,,"['craving', 'hard', 'noodles', 'ordered', 'took', 'around', 'minutes', 'get', 'delivered', 'got', 'fried', 'rice', 'sick', 'rice', 'way', 'give', 'services', 'customers']",craving hard noodles ordered took around minutes get delivered got fried rice sick rice way give services customers
1.95563e+18,https://x.com/Ravisutanjani/status/1955634163853443142,@Ravisutanjani," Rapido Launched Food Delivery App

'Ownly' App is Live in Select Areas in Bengaluru

Will Be Expanded To Delhi NCR and Mumbai 

Rapido Will Follow Flat Commission Model

Good To See Competitor of Zomato and Swiggy",1600,112,,"['rapido', 'launched', 'food', 'delivery', 'app', 'ownly', 'app', 'live', 'select', 'areas', 'bengaluru', 'expanded', 'delhi', 'ncr', 'mumbai', 'rapido', 'follow', 'flat', 'commission', 'model', 'good', 'see', 'competitor', 'zomato', 'swiggy']",rapido launched food delivery app ownly app live select areas bengaluru expanded delhi ncr mumbai rapido follow flat commission model good see competitor zomato swiggy
1.95451e+18,https://x.com/Windsofchange72/status/1954505844764344547,@Windsofchange72,"No this is not true. My Amazon parcels lie outside the door, nobody steals it.

Zomato delivery boys leave their bikes full of packages and go for delivery rounds and no one steals it. 

Numerous instances of people returning lost things and wallets.",7,1,,"['true', 'amazon', 'parcels', 'lie', 'outside', 'door', 'nobody', 'steals', 'zomato', 'delivery', 'boys', 'leave', 'bikes', 'full', 'packages', 'go', 'delivery', 'rounds', 'one', 'steals', 'numerous', 'instances', 'people', 'returning', 'lost', 'things', 'wallets']",true amazon parcels lie outside door nobody steals zomato delivery boys leave bikes full packages go delivery rounds one steals numerous instances people returning lost things wallets
1.95526e+18,https://x.com/ashokbansal/status/1955262712012796045,@ashokbansal,@CPMumbaiPolice @DGPMaharashtra The traffic in Mumbai is worsening each day because of Swiggy and Zomato. The schemes of payment to poor delivery persons are such that these persons are putting their own lives and the lives of others at risk to complete as many trips as possible,2,0,,"['traffic', 'mumbai', 'worsening', 'day', 'swiggy', 'zomato', 'schemes', 'payment', 'poor', 'delivery', 'persons', 'persons', 'putting', 'lives', 'lives', 'others', 'risk', 'complete', 'many', 'trips', 'possible']",traffic mumbai worsening day swiggy zomato schemes payment poor delivery persons persons putting lives lives others risk complete many trips possible
1.95444e+18,https://x.com/whereis_soumya/status/1954441846601416823,@whereis_soumya,Paisa dedo ham bhi zomato se bhejwa denge,16,0,,"['paisa', 'dedo', 'ham', 'bhi', 'zomato', 'se', 'bhejwa', 'denge']",paisa dedo ham bhi zomato se bhejwa denge
1.95377e+18,https://x.com/Alakesh_Phy/status/1953765191763866013,@Alakesh_Phy,"I don‚Äôt know if Zomato has made my life easier, or me lazier.",3,0,,"['dont', 'know', 'zomato', 'made', 'life', 'easier', 'lazier']",dont know zomato made life easier lazier
1.95659e+18,https://x.com/ProteinEnforcer/status/1956594188889284725,@ProteinEnforcer,"Don‚Äôt be lazy.

20‚Äì30 min meal prep a day keeps Zomato, Swiggy & Zepto away.

30‚Äì40 min walk keeps fat away.

Discipline > excuses.",2,0,,"['dont', 'lazy', 'min', 'meal', 'prep', 'day', 'keeps', 'zomato', 'swiggy', 'zepto', 'away', 'min', 'walk', 'keeps', 'fat', 'away', 'discipline', 'excuses']",dont lazy min meal prep day keeps zomato swiggy zepto away min walk keeps fat away discipline excuses
1.95418e+18,https://x.com/AeroAwcs/status/1954177550227312878,@AeroAwcs,"India doesn't have festivities, it has hectivities. Everything is super hectic on festivals. Mithaai ki dukaan is full of zomato/uber staff. 
They have to work hard during peak time, so that they can afford some gifts for their sisters, while we can spend more time home. Hectic!",2,1,,"['india', 'doesnt', 'festivities', 'hectivities', 'everything', 'super', 'hectic', 'festivals', 'mithaai', 'ki', 'dukaan', 'full', 'zomatouber', 'staff', 'work', 'hard', 'peak', 'time', 'afford', 'gifts', 'sisters', 'spend', 'time', 'home', 'hectic']",india doesnt festivities hectivities everything super hectic festivals mithaai ki dukaan full zomatouber staff work hard peak time afford gifts sisters spend time home hectic
1.9566e+18,https://x.com/lordelyricb0t/status/1956598787998203906,@lordelyricb0t,Imagine living here and STILL not getting food sabudana kichdi on zomato ,4,1,,"['imagine', 'living', 'still', 'getting', 'food', 'sabudana', 'kichdi', 'zomato']",imagine living still getting food sabudana kichdi zomato
1.95551e+18,https://x.com/chandkpaarchalo/status/1955508259931976151,@chandkpaarchalo,"Aajkal Ka Pyar: Zomato Jaisa Ho Gaya Hai

Aajkal extra-marital affair koi mushkil cheez nahi reh gayi hai. Sab kuch social media par available hai....jaise Zomato par har dish milti hai, waise hi har tarah ka ‚Äúattention‚Äù bhi mil jata hai. Kabhi bhi, kisi bhi waqt... bas ek click",70,15,,"['aajkal', 'ka', 'pyar', 'zomato', 'jaisa', 'ho', 'gaya', 'hai', 'aajkal', 'extramarital', 'affair', 'koi', 'mushkil', 'cheez', 'nahi', 'reh', 'gayi', 'hai', 'sab', 'kuch', 'social', 'media', 'par', 'available', 'haijaise', 'zomato', 'par', 'har', 'dish', 'milti', 'hai', 'waise', 'hi', 'har', 'tarah', 'ka', 'attention', 'bhi', 'mil', 'jata', 'hai', 'kabhi', 'bhi', 'kisi', 'bhi', 'waqt', 'bas', 'ek', 'click']",aajkal ka pyar zomato jaisa ho gaya hai aajkal extramarital affair koi mushkil cheez nahi reh gayi hai sab kuch social media par available haijaise zomato par har dish milti hai waise hi har tarah ka attention bhi mil jata hai kabhi bhi kisi bhi waqt bas ek click
1.95388e+18,https://x.com/nahiyaaaaar/status/1953875575900148157,@nahiyaaaaar,"Even if your daily data limit is over, you can still order food from zomato/Swiggy and make payment through Paytm app. 

Capitalist nexus is amazing.",26,1,,"['even', 'daily', 'data', 'limit', 'still', 'order', 'food', 'zomatoswiggy', 'make', 'payment', 'paytm', 'app', 'capitalist', 'nexus', 'amazing']",even daily data limit still order food zomatoswiggy make payment paytm app capitalist nexus amazing
1.95517e+18,https://x.com/twinkythough/status/1955174212550729813,@twinkythough,How I be like when I save Rs 10 on the same order by ordering it from zomato.,280,3,,"['like', 'save', 'rs', 'order', 'ordering', 'zomato']",like save rs order ordering zomato
1.95442e+18,https://x.com/TGPWU/status/1954417521089777915,@TGPWU," Hyderabad | 9 Aug 2025, 9:30 PM Near TKR Kaman, 
@zomato
 delivery Worker falls into drainage during heavy rain ‚Äî bike & phone gone. ‚Çπ10 rain bonus = worker‚Äôs life, 
@deepigoyal
 


@TelanganaCMO
 
@revanth_anumula
 
@Ponnam_INC


@VivekVenkatswam


#TGPWU #ShaikSalauddin #GigWorkers",85,44,"['#TGPWU', '#ShaikSalauddin', '#GigWorkers']","['hyderabad', 'aug', 'pm', 'near', 'tkr', 'kaman', 'delivery', 'worker', 'falls', 'drainage', 'heavy', 'rain', 'bike', 'phone', 'gone', 'rain', 'bonus', 'workers', 'life']",hyderabad aug pm near tkr kaman delivery worker falls drainage heavy rain bike phone gone rain bonus workers life
1.95587e+18,https://x.com/TimesNow/status/1955871829165281460,@TimesNow,Rapido Challenges Swiggy & Zomato - Launches Ownly App With Zero-Commission Food Delivery,0,1,,"['rapido', 'challenges', 'swiggy', 'zomato', 'launches', 'ownly', 'app', 'zerocommission', 'food', 'delivery']",rapido challenges swiggy zomato launches ownly app zerocommission food delivery
1.95439e+18,https://x.com/Marswalkerr/status/1954387909697814936,@Marswalkerr,"After the GT engine update from LAT aerospace, I‚Äôm only ordering from Zomato.",34,3,,"['gt', 'engine', 'update', 'lat', 'aerospace', 'im', 'ordering', 'zomato']",gt engine update lat aerospace im ordering zomato
1.95303e+18,https://x.com/albinder/status/1953034121514742001,@albinder,"Today, we hosted our first Access-Ability Conclave at Eternal. The objective was to gather feedback on the Zomato and Blinkit apps from the visually challenged community and share our plan to make our products more accessible and inclusive.

We listened, observed and tried to",81,7,,"['today', 'hosted', 'first', 'accessability', 'conclave', 'eternal', 'objective', 'gather', 'feedback', 'zomato', 'blinkit', 'apps', 'visually', 'challenged', 'community', 'share', 'plan', 'make', 'products', 'accessible', 'inclusive', 'listened', 'observed', 'tried']",today hosted first accessability conclave eternal objective gather feedback zomato blinkit apps visually challenged community share plan make products accessible inclusive listened observed tried
1.95418e+18,https://x.com/shuklakanika01/status/1954179983573651762,@shuklakanika01,"""Agar kisi cheez ko pure dil se chaho, toh puri kaynaat usse tumse milane ki koshish mein lag jaati hai""
Accha, Kaynat itni free hai kya? 
Abhi main pure dil se Rolls Royce maang lun toh aa jaayegi?  
Kaynat hai woh, zomato nahi
Matlab kuch bhi ",60,2,,"['agar', 'kisi', 'cheez', 'ko', 'pure', 'dil', 'se', 'chaho', 'toh', 'puri', 'kaynaat', 'usse', 'tumse', 'milane', 'ki', 'koshish', 'mein', 'lag', 'jaati', 'hai', 'accha', 'kaynat', 'itni', 'free', 'hai', 'kya', 'abhi', 'main', 'pure', 'dil', 'se', 'rolls', 'royce', 'maang', 'lun', 'toh', 'aa', 'jaayegi', 'kaynat', 'hai', 'woh', 'zomato', 'nahi', 'matlab', 'kuch', 'bhi']",agar kisi cheez ko pure dil se chaho toh puri kaynaat usse tumse milane ki koshish mein lag jaati hai accha kaynat itni free hai kya abhi main pure dil se rolls royce maang lun toh aa jaayegi kaynat hai woh zomato nahi matlab kuch bhi
1.95384e+18,https://x.com/Snehalsays_03/status/1953835013239451776,@Snehalsays_03,"Cutting par hu, yeh sab mat dikhao  
Mera zomato khul jayega ü´©",16,0,,"['cutting', 'par', 'hu', 'yeh', 'sab', 'mat', 'dikhao', 'mera', 'zomato', 'khul', 'jayega']",cutting par hu yeh sab mat dikhao mera zomato khul jayega
1.95375e+18,https://x.com/tarun_mayank/status/1953753013002416550,@tarun_mayank,"Hey @mrtechpedia,
Here‚Äôs a suggestion for your latest video regarding @zomato notifications: as you can see, unnecessary notifications can be turned off.",2,0,,"['hey', 'heres', 'suggestion', 'latest', 'video', 'regarding', 'notifications', 'see', 'unnecessary', 'notifications', 'turned']",hey heres suggestion latest video regarding notifications see unnecessary notifications turned
1.95532e+18,https://x.com/KazumaArataki/status/1955318654180135343,@KazumaArataki,Makes zero sense to me that booking from the theatre's app charges the same convenience fee as apps like bms or district/zomato. Why would i choose your shitty interface app over the better more established app if it costs the same,3,0,,"['makes', 'zero', 'sense', 'booking', 'theatres', 'app', 'charges', 'convenience', 'fee', 'apps', 'like', 'bms', 'districtzomato', 'would', 'choose', 'shitty', 'interface', 'app', 'better', 'established', 'app', 'costs']",makes zero sense booking theatres app charges convenience fee apps like bms districtzomato would choose shitty interface app better established app costs
1.95609e+18,https://x.com/WhotheeG/status/1956093047911145777,@WhotheeG,2 bajte hi zomato khol leta hu,4,1,,"['bajte', 'hi', 'zomato', 'khol', 'leta', 'hu']",bajte hi zomato khol leta hu
1.95498e+18,https://x.com/JangawadPraveen/status/1954982527619191054,@JangawadPraveen,"Have you ever encountered rawness of being attacked by stray dogs ? Please ask Swiggy zomato delivery guys, small kids playing on streets, they might change your opinion.",2,0,,"['ever', 'encountered', 'rawness', 'attacked', 'stray', 'dogs', 'please', 'ask', 'swiggy', 'zomato', 'delivery', 'guys', 'small', 'kids', 'playing', 'streets', 'might', 'change', 'opinion']",ever encountered rawness attacked stray dogs please ask swiggy zomato delivery guys small kids playing streets might change opinion
1.95599e+18,https://x.com/OmCodex_tweets/status/1955993222158676013,@OmCodex_tweets,"Just wrapped up my deep dive into the Zomato dataset.
Explored cities, cuisines, ratings, costs, and the little patterns that shape the dining scene.
Numbers tell stories‚Äîthis one was all about food.
Data is the secret ingredient that turns observation into insight.",3,0,,"['wrapped', 'deep', 'dive', 'zomato', 'dataset', 'explored', 'cities', 'cuisines', 'ratings', 'costs', 'little', 'patterns', 'shape', 'dining', 'scene', 'numbers', 'tell', 'storiesthis', 'one', 'food', 'data', 'secret', 'ingredient', 'turns', 'observation', 'insight']",wrapped deep dive zomato dataset explored cities cuisines ratings costs little patterns shape dining scene numbers tell storiesthis one food data secret ingredient turns observation insight
1.95531e+18,https://x.com/ten_on_tan/status/1955314708027965528,@ten_on_tan,"i used to look out the window to see if it's raining. nowadays, i just open zomato or swiggy.",14,1,,"['used', 'look', 'window', 'see', 'raining', 'nowadays', 'open', 'zomato', 'swiggy']",used look window see raining nowadays open zomato swiggy
1.6617e+18,https://x.com/kittuskatori/status/1661703730646114304,@kittuskatori,deleting Swiggy and zomato for mental peace,0,0,,"['deleting', 'swiggy', 'zomato', 'mental', 'peace']",deleting swiggy zomato mental peace
1.953e+18,https://x.com/anil_lulla/status/1953001304575606873,@anil_lulla,"Can anyone read this? Obscuring number plates has become a fashion nowadays for rule breakers especially @zomato. Sent by a concerned citizen from #Kodigehalli, #Bengaluru August 3, 1914 hrs. @hebbaltrafficps @DCPTrNorthBCP @acpnortheasttr pls initiate random checks",23,8,"['#Kodigehalli', '#Bengaluru']","['anyone', 'read', 'obscuring', 'number', 'plates', 'become', 'fashion', 'nowadays', 'rule', 'breakers', 'especially', 'sent', 'concerned', 'citizen', 'august', 'hrs', 'pls', 'initiate', 'random', 'checks']",anyone read obscuring number plates become fashion nowadays rule breakers especially sent concerned citizen august hrs pls initiate random checks
1.95565e+18,https://x.com/sandhyaislavath/status/1955654321930146187,@sandhyaislavath,"Happy customer
Order from swiggy and zomato
Urs luvinglyy...@virginfruitss",88,3,,"['happy', 'customer', 'order', 'swiggy', 'zomato', 'urs', 'luvinglyy']",happy customer order swiggy zomato urs luvinglyy
1.95349e+18,https://x.com/ArunKosli/status/1953494019532562715,@ArunKosli,"Zomato ‡§î‡§∞ swiggy ‡§ï‡•á 
‡§∏‡§´‡§º‡§≤‡§§‡§æ ‡§ï‡•á ‡§™‡•Ä‡§õ‡•á ‡§ï‡§ø‡§∏‡•Ä ‡§è‡§ï 
‡§î‡§∞‡§§ ‡§ï‡§æ ‡§π‡§æ‡§• ‡§®‡§π‡•Ä‡§Ç ‡§π‡•à ‡§≤‡§æ‡§ñ‡•ã‡§Ç ‡§Ü‡§≤‡§∏‡•Ä ‡§î‡§∞‡§§‡•ã‡§Ç ‡§ï‡§æ ‡§π‡§æ‡§• ‡§π‡•à 
",278,65,,"['zomato', '‡§î‡§∞', 'swiggy', '‡§ï‡•á', '‡§∏‡§´‡§º‡§≤‡§§‡§æ', '‡§ï‡•á', '‡§™‡•Ä‡§õ‡•á', '‡§ï‡§ø‡§∏‡•Ä', '‡§è‡§ï', '‡§î‡§∞‡§§', '‡§ï‡§æ', '‡§π‡§æ‡§•', '‡§®‡§π‡•Ä‡§Ç', '‡§π‡•à', '‡§≤‡§æ‡§ñ‡•ã‡§Ç', '‡§Ü‡§≤‡§∏‡•Ä', '‡§î‡§∞‡§§‡•ã‡§Ç', '‡§ï‡§æ', '‡§π‡§æ‡§•', '‡§π‡•à']",zomato ‡§î‡§∞ swiggy ‡§ï‡•á ‡§∏‡§´‡§º‡§≤‡§§‡§æ ‡§ï‡•á ‡§™‡•Ä‡§õ‡•á ‡§ï‡§ø‡§∏‡•Ä ‡§è‡§ï ‡§î‡§∞‡§§ ‡§ï‡§æ ‡§π‡§æ‡§• ‡§®‡§π‡•Ä‡§Ç ‡§π‡•à ‡§≤‡§æ‡§ñ‡•ã‡§Ç ‡§Ü‡§≤‡§∏‡•Ä ‡§î‡§∞‡§§‡•ã‡§Ç ‡§ï‡§æ ‡§π‡§æ‡§• ‡§π‡•à
1.95281e+18,https://x.com/Tech_glareOffl/status/1952807470533058652,@Tech_glareOffl,Swiggy and Zomato are Giving these Offers too many Times and these offers have lost their Value. ,25,1,,"['swiggy', 'zomato', 'giving', 'offers', 'many', 'times', 'offers', 'lost', 'value']",swiggy zomato giving offers many times offers lost value
1.95306e+18,https://x.com/chandrarsrikant/status/1953059546752053465,@chandrarsrikant,"Alibaba-backed Antfin Singapore Holding Pte Ltd is likely to sell its entire stake in¬†Eternal Ltd, the parent of Zomato, for Rs 5,375 crore",31,5,,"['alibababacked', 'antfin', 'singapore', 'holding', 'pte', 'ltd', 'likely', 'sell', 'entire', 'stake', 'eternal', 'ltd', 'parent', 'zomato', 'rs', 'crore']",alibababacked antfin singapore holding pte ltd likely sell entire stake eternal ltd parent zomato rs crore
1.95393e+18,https://x.com/the_futurstic/status/1953926884154310931,@the_futurstic,Zomato lo order petta UPI lite nundi pay chesa order adhe cancel ayindhi refundu osthayaa ?,2,1,,"['zomato', 'lo', 'order', 'petta', 'upi', 'lite', 'nundi', 'pay', 'chesa', 'order', 'adhe', 'cancel', 'ayindhi', 'refundu', 'osthayaa']",zomato lo order petta upi lite nundi pay chesa order adhe cancel ayindhi refundu osthayaa
1.95497e+18,https://x.com/tiramisurabhi/status/1954970138844991970,@tiramisurabhi,"til the chances of your zomato order being late when you‚Äôve had a bad day are less, but never zero",56,0,,"['til', 'chances', 'zomato', 'order', 'late', 'youve', 'bad', 'day', 'less', 'never', 'zero']",til chances zomato order late youve bad day less never zero
1.95482e+18,https://x.com/Hemnttt/status/1954821697959309582,@Hemnttt,Zomato ab tera mazaak jydaa ho rhaa hai ,39,3,,"['zomato', 'ab', 'tera', 'mazaak', 'jydaa', 'ho', 'rhaa', 'hai']",zomato ab tera mazaak jydaa ho rhaa hai
1.95295e+18,https://x.com/aswin_loyolite/status/1952948948928446909,@aswin_loyolite,25 days without Swiggy n zomato ,3,0,,"['days', 'without', 'swiggy', 'n', 'zomato']",days without swiggy n zomato
1.95569e+18,https://x.com/YearOfTheKraken/status/1955688056390115428,@YearOfTheKraken,"It's high time 
@zomato
 implements an OTP code for their delivery partners.

Had a bad experience today where the delivery partner marked my order as delivered without even bothering to deliver the food items.

On calling the delivery partner, the person at the other end of the",179,7,,"['high', 'time', 'implements', 'otp', 'code', 'delivery', 'partners', 'bad', 'experience', 'today', 'delivery', 'partner', 'marked', 'order', 'delivered', 'without', 'even', 'bothering', 'deliver', 'food', 'items', 'calling', 'delivery', 'partner', 'person', 'end']",high time implements otp code delivery partners bad experience today delivery partner marked order delivered without even bothering deliver food items calling delivery partner person end
1.95561e+18,https://x.com/rinpoet/status/1955605914121302250,@rinpoet,"I was bitten twice by strays in villages while on assignments and chased many a time during night shifts. I took a couple of Zomato guys, bitten by strays to PHCs for vaccination. A poor country with low literacy cannot bow to elites. Scientific Culling is essential. 
@SCofIndia",18,6,,"['bitten', 'twice', 'strays', 'villages', 'assignments', 'chased', 'many', 'time', 'night', 'shifts', 'took', 'couple', 'zomato', 'guys', 'bitten', 'strays', 'phcs', 'vaccination', 'poor', 'country', 'low', 'literacy', 'bow', 'elites', 'scientific', 'culling', 'essential']",bitten twice strays villages assignments chased many time night shifts took couple zomato guys bitten strays phcs vaccination poor country low literacy bow elites scientific culling essential
1.84259e+18,https://x.com/Doubleehelix/status/1842585450005017013,@Doubleehelix,Really liked deepinder in shark tank 3 . Zomato anyways ahead of swiggy now,1,0,,"['really', 'liked', 'deepinder', 'shark', 'tank', 'zomato', 'anyways', 'ahead', 'swiggy']",really liked deepinder shark tank zomato anyways ahead swiggy
1.95516e+18,https://x.com/Kalappak/status/1955159491634401303,@Kalappak,@YuluBike are the major culprits. Those bikes come under the cycle category. So they can go as per their wishes. Very risky and no headlight and no the riders can't do any hand signal also due to the poor vehicle control.,2,0,,"['major', 'culprits', 'bikes', 'come', 'cycle', 'category', 'go', 'per', 'wishes', 'risky', 'headlight', 'riders', 'cant', 'hand', 'signal', 'also', 'due', 'poor', 'vehicle', 'control']",major culprits bikes come cycle category go per wishes risky headlight riders cant hand signal also due poor vehicle control
1.95448e+18,https://x.com/abhjeet141/status/1954475303314588008,@abhjeet141,"Ummm ever heard of Flipkart, Ola, Cultfit, Zerodha, Reliance Industries Limited, Vedanta, Airtel, Razorpay,  Zomato, Swiggy, Vishal Mega Mart, all have been started by middle class individuals.",46,1,,"['umm', 'ever', 'heard', 'flipkart', 'ola', 'cultfit', 'zerodha', 'reliance', 'industries', 'limited', 'vedanta', 'airtel', 'razorpay', 'zomato', 'swiggy', 'vishal', 'mega', 'mart', 'started', 'middle', 'class', 'individuals']",umm ever heard flipkart ola cultfit zerodha reliance industries limited vedanta airtel razorpay zomato swiggy vishal mega mart started middle class individuals
1.8566e+18,https://x.com/Doubleehelix/status/1856598019245773178,@Doubleehelix,Oyo lelo ek,1,0,,"['oyo', 'lelo', 'ek']",oyo lelo ek
1.9566e+18,https://x.com/BananaJanta/status/1956603038845821406,@BananaJanta,Zomato ke flirty notis ni aate aaj kal ,2,0,,"['zomato', 'ke', 'flirty', 'notis', 'ni', 'aate', 'aaj', 'kal']",zomato ke flirty notis ni aate aaj kal
1.95333e+18,https://x.com/diyEWW/status/1953332982913081734,@diyEWW,was scrolling through zomato and saw PINDI CHOLE BIRYANI,10,0,,"['scrolling', 'zomato', 'saw', 'pindi', 'chole', 'biryani']",scrolling zomato saw pindi chole biryani
1.95379e+18,https://x.com/zubeendedhia/status/1953791453601112344,@zubeendedhia,TIL Zomato was renamed to Eternal.,2,0,,"['til', 'zomato', 'renamed', 'eternal']",til zomato renamed eternal
1.95303e+18,https://x.com/reddy73375/status/1953033683549732878,@reddy73375,"Swiggy 

Reserves 9000cr 
Debt 1700cr 
Mcap 98000cr 

Zomato

Reserves 29400cr 
Debt 2000cr 
Mcap 288000cr

Will Swiggy double in the next 2 years?",2,0,,"['swiggy', 'reserves', 'cr', 'debt', 'cr', 'mcap', 'cr', 'zomato', 'reserves', 'cr', 'debt', 'cr', 'mcap', 'cr', 'swiggy', 'double', 'next', 'years']",swiggy reserves cr debt cr mcap cr zomato reserves cr debt cr mcap cr swiggy double next years
1.95275e+18,https://x.com/cute_sam_000/status/1952751143504753121,@cute_sam_000,"‡§Ü‡§ú ‡§ñ‡§æ‡§®‡§æ ‡§¨‡§æ‡§π‡§∞ ‡§∏‡•á ‡§ë‡§∞‡•ç‡§°‡§∞ ‡§ï‡•Ä ‡§π‡•Ç‡§Ç ‡§á‡§∏‡§≤‡§ø‡§è ‡§´‡•Å‡§∞‡•ç‡§∏‡§§ ‡§π‡•Ä ‡§´‡•Å‡§∞‡•ç‡§∏‡§§ ‡§π‡•à‡§Ç, ‡§µ‡•à‡§∏‡•á ‡§π‡§∞ ‡§¶‡•Ç‡§∏‡§∞‡•á ‡§Ø‡§æ ‡§§‡•Ä‡§∏‡§∞‡•á ‡§¶‡§ø‡§® zomato ‡§ú‡§ø‡§Ç‡§¶‡§æ‡§¨‡§æ‡§¶ ‡§ï‡§æ ‡§®‡§æ‡§∞‡§æ ‡§≤‡§ó‡§æ ‡§¶‡•á‡§§‡•Ä ‡§π‡•Ç‡§Ç!
Lazy sammy ",3,2,,"['‡§Ü‡§ú', '‡§ñ‡§æ‡§®‡§æ', '‡§¨‡§æ‡§π‡§∞', '‡§∏‡•á', '‡§ë‡§∞‡•ç‡§°‡§∞', '‡§ï‡•Ä', '‡§π‡•Ç‡§Ç', '‡§á‡§∏‡§≤‡§ø‡§è', '‡§´‡•Å‡§∞‡•ç‡§∏‡§§', '‡§π‡•Ä', '‡§´‡•Å‡§∞‡•ç‡§∏‡§§', '‡§π‡•à‡§Ç', '‡§µ‡•à‡§∏‡•á', '‡§π‡§∞', '‡§¶‡•Ç‡§∏‡§∞‡•á', '‡§Ø‡§æ', '‡§§‡•Ä‡§∏‡§∞‡•á', '‡§¶‡§ø‡§®', 'zomato', '‡§ú‡§ø‡§Ç‡§¶‡§æ‡§¨‡§æ‡§¶', '‡§ï‡§æ', '‡§®‡§æ‡§∞‡§æ', '‡§≤‡§ó‡§æ', '‡§¶‡•á‡§§‡•Ä', '‡§π‡•Ç‡§Ç', 'lazy', 'sammy']",‡§Ü‡§ú ‡§ñ‡§æ‡§®‡§æ ‡§¨‡§æ‡§π‡§∞ ‡§∏‡•á ‡§ë‡§∞‡•ç‡§°‡§∞ ‡§ï‡•Ä ‡§π‡•Ç‡§Ç ‡§á‡§∏‡§≤‡§ø‡§è ‡§´‡•Å‡§∞‡•ç‡§∏‡§§ ‡§π‡•Ä ‡§´‡•Å‡§∞‡•ç‡§∏‡§§ ‡§π‡•à‡§Ç ‡§µ‡•à‡§∏‡•á ‡§π‡§∞ ‡§¶‡•Ç‡§∏‡§∞‡•á ‡§Ø‡§æ ‡§§‡•Ä‡§∏‡§∞‡•á ‡§¶‡§ø‡§® zomato ‡§ú‡§ø‡§Ç‡§¶‡§æ‡§¨‡§æ‡§¶ ‡§ï‡§æ ‡§®‡§æ‡§∞‡§æ ‡§≤‡§ó‡§æ ‡§¶‡•á‡§§‡•Ä ‡§π‡•Ç‡§Ç lazy sammy
1.95489e+18,https://x.com/LahotiVedang/status/1954889747547234739,@LahotiVedang,is there any good pani puri place that delivers on swiggy/zomato?,3,0,,"['good', 'pani', 'puri', 'place', 'delivers', 'swiggyzomato']",good pani puri place delivers swiggyzomato
1.95492e+18,https://x.com/ittzz_rahul/status/1954920409570455973,@ittzz_rahul,5 minute baarish hoti aur Zomato delievery band kar deta hai. I need to learn how to cook asap,27,0,,"['minute', 'baarish', 'hoti', 'aur', 'zomato', 'delievery', 'band', 'kar', 'deta', 'hai', 'need', 'learn', 'cook', 'asap']",minute baarish hoti aur zomato delievery band kar deta hai need learn cook asap
1.95352e+18,https://x.com/VIJAYJNR/status/1953524721896534347,@VIJAYJNR,"Jitne bhi gyan chod rahe hai bike wale ki galti , driving nahi aati , Car Curve par slow karke le jaani chahiye jitni speed se wo jaa raha tha accident hona tha ,Zomato wala apni lene mi tha ",119,1,,"['jitne', 'bhi', 'gyan', 'chod', 'rahe', 'hai', 'bike', 'wale', 'ki', 'galti', 'driving', 'nahi', 'aati', 'car', 'curve', 'par', 'slow', 'karke', 'le', 'jaani', 'chahiye', 'jitni', 'speed', 'se', 'wo', 'jaa', 'raha', 'tha', 'accident', 'hona', 'tha', 'zomato', 'wala', 'apni', 'lene', 'mi', 'tha']",jitne bhi gyan chod rahe hai bike wale ki galti driving nahi aati car curve par slow karke le jaani chahiye jitni speed se wo jaa raha tha accident hona tha zomato wala apni lene mi tha
1.95348e+18,https://x.com/sureshsaran__/status/1953476896227811780,@sureshsaran__,"Zomato ‡§î‡§∞ swiggy ‡§ï‡•á 
‡§∏‡§´‡§º‡§≤‡§§‡§æ ‡§ï‡•á ‡§™‡•Ä‡§õ‡•á ‡§ï‡§ø‡§∏‡•Ä ‡§è‡§ï 

‡§î‡§∞‡§§ ‡§ï‡§æ ‡§π‡§æ‡§• ‡§®‡§π‡•Ä‡§Ç ‡§π‡•à ‡§≤‡§æ‡§ñ‡•ã‡§Ç 
‡§Ü‡§≤‡§∏‡•Ä ‡§î‡§∞‡§§‡•ã‡§Ç ‡§ï‡§æ ‡§π‡§æ‡§• ‡§π‡•à 
",2,1,,"['zomato', '‡§î‡§∞', 'swiggy', '‡§ï‡•á', '‡§∏‡§´‡§º‡§≤‡§§‡§æ', '‡§ï‡•á', '‡§™‡•Ä‡§õ‡•á', '‡§ï‡§ø‡§∏‡•Ä', '‡§è‡§ï', '‡§î‡§∞‡§§', '‡§ï‡§æ', '‡§π‡§æ‡§•', '‡§®‡§π‡•Ä‡§Ç', '‡§π‡•à', '‡§≤‡§æ‡§ñ‡•ã‡§Ç', '‡§Ü‡§≤‡§∏‡•Ä', '‡§î‡§∞‡§§‡•ã‡§Ç', '‡§ï‡§æ', '‡§π‡§æ‡§•', '‡§π‡•à']",zomato ‡§î‡§∞ swiggy ‡§ï‡•á ‡§∏‡§´‡§º‡§≤‡§§‡§æ ‡§ï‡•á ‡§™‡•Ä‡§õ‡•á ‡§ï‡§ø‡§∏‡•Ä ‡§è‡§ï ‡§î‡§∞‡§§ ‡§ï‡§æ ‡§π‡§æ‡§• ‡§®‡§π‡•Ä‡§Ç ‡§π‡•à ‡§≤‡§æ‡§ñ‡•ã‡§Ç ‡§Ü‡§≤‡§∏‡•Ä ‡§î‡§∞‡§§‡•ã‡§Ç ‡§ï‡§æ ‡§π‡§æ‡§• ‡§π‡•à
1.95343e+18,https://x.com/aniketkrishna/status/1953425701480054947,@aniketkrishna,"they should just go the hawkins way now.. these calls add zero value..
or may be go the zomato way.. write a letter to analysts a few hours before the scheduled.. 
even better, just submit the model spreadsheet of what they are willing to project.. ",2,0,,"['go', 'hawkins', 'way', 'calls', 'add', 'zero', 'value', 'may', 'go', 'zomato', 'way', 'write', 'letter', 'analysts', 'hours', 'scheduled', 'even', 'better', 'submit', 'model', 'spreadsheet', 'willing', 'project']",go hawkins way calls add zero value may go zomato way write letter analysts hours scheduled even better submit model spreadsheet willing project
1.95279e+18,https://x.com/pointperkspicks/status/1952788838809538998,@pointperkspicks,"Now get 3 month Swiggy One from Re.1 

Today is a good day, both Zomato Gold and Swiggy One at Re.1 ",55,4,,"['get', 'month', 'swiggy', 'one', 'today', 'good', 'day', 'zomato', 'gold', 'swiggy', 'one']",get month swiggy one today good day zomato gold swiggy one
1.95423e+18,https://x.com/Baagi_10seclate/status/1954225972871573926,@Baagi_10seclate,"Stop ordering food guys on Zomato Swiggy whatever in Hyderabad, the roads are flooded, I‚Äôve just seen a Swiggy delivery guy fall from his bike because of the flooded water",44,4,,"['stop', 'ordering', 'food', 'guys', 'zomato', 'swiggy', 'whatever', 'hyderabad', 'roads', 'flooded', 'ive', 'seen', 'swiggy', 'delivery', 'guy', 'fall', 'bike', 'flooded', 'water']",stop ordering food guys zomato swiggy whatever hyderabad roads flooded ive seen swiggy delivery guy fall bike flooded water
1.9555e+18,https://x.com/MehulFanawala/status/1955504283706855480,@MehulFanawala,"It's still showing ""Zomato"" with message ""This ticker is no longer active"" and not ""ETERNAL"".

Watchlist isn't showing what I selected, instead showing what's default.",3,0,,"['still', 'showing', 'zomato', 'message', 'ticker', 'longer', 'active', 'eternal', 'watchlist', 'isnt', 'showing', 'selected', 'instead', 'showing', 'whats', 'default']",still showing zomato message ticker longer active eternal watchlist isnt showing selected instead showing whats default
1.95448e+18,https://x.com/piyush_trades/status/1954484985219473601,@piyush_trades,"I never thought someone could get addicted to zomato or blinkit.

But I guess I am addicted. I open them even when I have nothing to order.

I just order random stuffs which I don‚Äôt even intend to use fully. I will consider their stocks for sure now.",4,0,,"['never', 'thought', 'someone', 'could', 'get', 'addicted', 'zomato', 'blinkit', 'guess', 'addicted', 'open', 'even', 'nothing', 'order', 'order', 'random', 'stuffs', 'dont', 'even', 'intend', 'use', 'fully', 'consider', 'stocks', 'sure']",never thought someone could get addicted zomato blinkit guess addicted open even nothing order order random stuffs dont even intend use fully consider stocks sure
1.95354e+18,https://x.com/Mahesh_Tennesee/status/1953540457847566452,@Mahesh_Tennesee,Special Poster for #Coolie in District by Zomato app ,209,65,['#Coolie'],"['special', 'poster', 'district', 'zomato', 'app']",special poster district zomato app
1.95631e+18,https://x.com/prudvitheja29/status/1956309858564841957,@prudvitheja29,We're just getting started ,56,0,,"['getting', 'started']",getting started
1.9537e+18,https://x.com/DrAshishPradhan/status/1953696987951382803,@DrAshishPradhan,"It should be mandatory for restaurants listed on @Zomato and @Swiggy to upload their own food photos, rather than downloading them from the internet.",5,1,,"['mandatory', 'restaurants', 'listed', 'upload', 'food', 'photos', 'rather', 'downloading', 'internet']",mandatory restaurants listed upload food photos rather downloading internet
1.95446e+18,https://x.com/AVARAKADAVARAA/status/1954464944784654653,@AVARAKADAVARAA,Jab ek sabji ban hi rhi to dusri bhi bana lete.... Zomato se koi sabji kyu hi order karega.....,2,0,,"['jab', 'ek', 'sabji', 'ban', 'hi', 'rhi', 'dusri', 'bhi', 'bana', 'lete', 'zomato', 'se', 'koi', 'sabji', 'kyu', 'hi', 'order', 'karega']",jab ek sabji ban hi rhi dusri bhi bana lete zomato se koi sabji kyu hi order karega
1.95409e+18,https://x.com/SaurabhJoshi/status/1954091990099906792,@SaurabhJoshi,"Hey @zomato @zomatocare @deepigoyal  -- your AI bot is quite truly, utterly useless. You're irritating customers and losing them. Do what you please with this.",3,0,,"['hey', 'ai', 'bot', 'quite', 'truly', 'utterly', 'useless', 'youre', 'irritating', 'customers', 'losing', 'please']",hey ai bot quite truly utterly useless youre irritating customers losing please
1.95273e+18,https://x.com/Inc42/status/1952731323996778858,@Inc42,"ùêéùêçùêÉùêÇ ùêØùê¨ ùêíùê∞ùê¢ùê†ùê†ùê≤-ùêôùê®ùê¶ùêöùê≠ùê®: ùêñùê°ùê®‚Äôùê¨ ùêíùêûùê´ùêØùê¢ùêßùê† ùê≠ùê°ùêû ùêÅùêûùê≠ùê≠ùêûùê´ ùêÉùêûùêöùê•? 

India‚Äôs food delivery wars are heating up   

What started as a Swiggy-Zomato duopoly is now facing a serious challenger in ONDC ‚Äî backed by the government, fueled by restaurant",3,1,,"['indias', 'food', 'delivery', 'wars', 'heating', 'started', 'swiggyzomato', 'duopoly', 'facing', 'serious', 'challenger', 'ondc', 'backed', 'government', 'fueled', 'restaurant']",indias food delivery wars heating started swiggyzomato duopoly facing serious challenger ondc backed government fueled restaurant
1.9545e+18,https://x.com/ashissshhhhhh/status/1954496994791366755,@ashissshhhhhh,Ruko abhi zomato kr deta hu,1,0,,"['ruko', 'abhi', 'zomato', 'kr', 'deta', 'hu']",ruko abhi zomato kr deta hu
1.95302e+18,https://x.com/dipsverse/status/1953016018319597741,@dipsverse,"bahut ho gaya zomato swiggy, ab mujhe ghar ki yellow wali dal aur chaawal chahiye.",2,0,,"['bahut', 'ho', 'gaya', 'zomato', 'swiggy', 'ab', 'mujhe', 'ghar', 'ki', 'yellow', 'wali', 'dal', 'aur', 'chaawal', 'chahiye']",bahut ho gaya zomato swiggy ab mujhe ghar ki yellow wali dal aur chaawal chahiye
1.95382e+18,https://x.com/radhika_bajaj/status/1953817016621490457,@radhika_bajaj,"Me when I find someone working at Zomato or Swiggy

‚ÄúTumahara toh pura khaana free hota hoga‚Äù ",12,0,,"['find', 'someone', 'working', 'zomato', 'swiggy', 'tumahara', 'toh', 'pura', 'khaana', 'free', 'hota', 'hoga']",find someone working zomato swiggy tumahara toh pura khaana free hota hoga
1.95457e+18,https://x.com/CronJobQueen/status/1954569498515964126,@CronJobQueen,"Dealing with @zomatocare is way easier than Swiggy. With Swiggy, a spillage means a full chat session where you have to fight your case. In Zomato ust upload pics, they verify, and send you a coupon. Sure, I'd rather avoid spillage, but at least I don't have to play lawyer to",5,0,,"['dealing', 'way', 'easier', 'swiggy', 'swiggy', 'spillage', 'means', 'full', 'chat', 'session', 'fight', 'case', 'zomato', 'ust', 'upload', 'pics', 'verify', 'send', 'coupon', 'sure', 'id', 'rather', 'avoid', 'spillage', 'least', 'dont', 'play', 'lawyer']",dealing way easier swiggy swiggy spillage means full chat session fight case zomato ust upload pics verify send coupon sure id rather avoid spillage least dont play lawyer
1.95415e+18,https://x.com/anu2181/status/1954151397244764648,@anu2181,This is actually so cute #Zomato,3,0,['#Zomato'],"['actually', 'cute']",actually cute
1.95462e+18,https://x.com/honeywithcrypto/status/1954618696053182758,@honeywithcrypto,"Late night order from Zomato done by $USDT crypto using 
@TabiPayHQ
 card 

Small payments + Large Payments = TabiPay Card 


@Tabizens
 
@Lfuckjpg
 
@Momoxu7
 
@LinkeysB
 
@Momoa_crypto
 
@charis_em


@0xSparkle",23,1,,"['late', 'night', 'order', 'zomato', 'done', 'usdt', 'crypto', 'using', 'card', 'small', 'payments', 'large', 'payments', 'tabipay', 'card']",late night order zomato done usdt crypto using card small payments large payments tabipay card
1.95302e+18,https://x.com/MrsWriter_X/status/1953019022359814348,@MrsWriter_X,‡Æö‡ÆÆ‡Øà‡Æï‡Øç‡Æï ‡Æö‡Øã‡ÆÆ‡Øç‡Æ™‡Øá‡Æ±‡Æø‡Æ§‡Øç‡Æ§‡Æ©‡ÆÆ‡Ææ ‡Æá‡Æ∞‡ØÅ‡Æï‡Øç‡Æï‡ØÅ‡Æ©‡ØÅ Zepto ‡Æ≤ ‡ÆÆ‡Øá‡Æï‡Æø ‡ÆÜ‡Æ∞‡Øç‡Æü‡Æ∞‡Øç ‡Æ™‡Øã‡Æü‡Øç‡Æü‡Øá‡Æ©‡Øç.. ‡Æ™‡Øã‡Æü‡Øç‡Æü‡Æ§‡ØÅ‡Æï‡Øç‡Æï‡ØÅ ‡ÆÖ‡Æ™‡Øç‡Æ™‡ØÅ‡Æ±‡ÆÆ‡Øç ‡Æ§‡Ææ‡Æ©‡Øç ‡ÆØ‡Øã‡Æö‡Æø‡Æï‡Øç‡Æï‡Æø‡Æ±‡Øá‡Æ©‡Øç.. ‡ÆÖ‡Æ§‡Øà‡ÆØ‡ØÅ‡ÆÆ‡Øç ‡Æ®‡Ææ‡ÆÆ ‡Æ§‡Ææ‡Æ© ‡Æö‡ÆÆ‡Øà‡Æï‡Øç‡Æï‡Æ©‡ØÅ‡ÆÆ‡Øç ‡Æ©‡ØÅ.‚Äå ‡Æá‡Æ§‡ØÅ‡Æï‡Øç‡Æï‡ØÅ ‡Æ™‡Øá‡Æö‡Ææ‡ÆÆ Swiggy Zomato ‡Æ≤ ‡Æè‡Æ§‡Ææ‡Æö‡Øç‡Æö‡ØÅ‡ÆÆ‡Øç ‡Æö‡Ææ‡Æ™‡Øç‡Æ™‡Ææ‡Æü‡ØÅ ‡ÆÜ‡Æ∞‡Øç‡Æü‡Æ∞‡Øç ‡Æ™‡Øã‡Æü‡Øç‡Æü‡ØÅ‡Æ∞‡ØÅ‡Æï‡Øç‡Æï‡Æ≤‡Ææ‡ÆÆ‡Øç! ,9,0,,"['zepto', 'swiggy', 'zomato']",zepto swiggy zomato
1.95603e+18,https://x.com/notamandareally/status/1956033433039405475,@notamandareally,damn i was a taxiforsure and foodpanda girl before i was ola/uber and swiggy/zomato girl,5,0,,"['damn', 'taxiforsure', 'foodpanda', 'girl', 'olauber', 'swiggyzomato', 'girl']",damn taxiforsure foodpanda girl olauber swiggyzomato girl
1.95384e+18,https://x.com/arpit_vermaniac/status/1953838308879941822,@arpit_vermaniac,"10 minutes on Earth = 1 minute of delivery time shown on Zepto/Swiggy/Zomato.
Nolan take notes.",2,0,,"['minutes', 'earth', 'minute', 'delivery', 'time', 'shown', 'zeptoswiggyzomato', 'nolan', 'take', 'notes']",minutes earth minute delivery time shown zeptoswiggyzomato nolan take notes
1.95365e+18,https://x.com/rishiK2033/status/1953652245318578502,@rishiK2033,"Zomato ‡§î‡§∞ swiggy ‡§ï‡•á 
‡§∏‡§´‡§º‡§≤‡§§‡§æ ‡§ï‡•á ‡§™‡•Ä‡§õ‡•á ‡§ï‡§ø‡§∏‡•Ä ‡§è‡§ï 

‡§î‡§∞‡§§ ‡§ï‡§æ ‡§π‡§æ‡§• ‡§®‡§π‡•Ä‡§Ç ‡§π‡•à ‡§≤‡§æ‡§ñ‡•ã‡§Ç 
‡§Ü‡§≤‡§∏‡•Ä ‡§î‡§∞‡§§‡•ã‡§Ç ‡§ï‡§æ ‡§π‡§æ‡§• ‡§π‡•à 
",2,1,,"['zomato', '‡§î‡§∞', 'swiggy', '‡§ï‡•á', '‡§∏‡§´‡§º‡§≤‡§§‡§æ', '‡§ï‡•á', '‡§™‡•Ä‡§õ‡•á', '‡§ï‡§ø‡§∏‡•Ä', '‡§è‡§ï', '‡§î‡§∞‡§§', '‡§ï‡§æ', '‡§π‡§æ‡§•', '‡§®‡§π‡•Ä‡§Ç', '‡§π‡•à', '‡§≤‡§æ‡§ñ‡•ã‡§Ç', '‡§Ü‡§≤‡§∏‡•Ä', '‡§î‡§∞‡§§‡•ã‡§Ç', '‡§ï‡§æ', '‡§π‡§æ‡§•', '‡§π‡•à']",zomato ‡§î‡§∞ swiggy ‡§ï‡•á ‡§∏‡§´‡§º‡§≤‡§§‡§æ ‡§ï‡•á ‡§™‡•Ä‡§õ‡•á ‡§ï‡§ø‡§∏‡•Ä ‡§è‡§ï ‡§î‡§∞‡§§ ‡§ï‡§æ ‡§π‡§æ‡§• ‡§®‡§π‡•Ä‡§Ç ‡§π‡•à ‡§≤‡§æ‡§ñ‡•ã‡§Ç ‡§Ü‡§≤‡§∏‡•Ä ‡§î‡§∞‡§§‡•ã‡§Ç ‡§ï‡§æ ‡§π‡§æ‡§• ‡§π‡•à
1.95348e+18,https://x.com/Aismindiia/status/1953475340518748598,@Aismindiia,"Top Nifty50 Executives, Zero Salary 

 Mukesh Ambani (Reliance) & Deepinder Goyal (Zomato/Eternal) drew no salary in FY25.

 Ambani has taken zero pay since FY21.
 Goyal waived pay since April 2021 ‚Äî committed till March 2026.",6,0,,"['top', 'nifty', 'executives', 'zero', 'salary', 'mukesh', 'ambani', 'reliance', 'deepinder', 'goyal', 'zomatoeternal', 'drew', 'salary', 'fy', 'ambani', 'taken', 'zero', 'pay', 'since', 'fy', 'goyal', 'waived', 'pay', 'since', 'april', 'committed', 'till', 'march']",top nifty executives zero salary mukesh ambani reliance deepinder goyal zomatoeternal drew salary fy ambani taken zero pay since fy goyal waived pay since april committed till march
1.95663e+18,https://x.com/mashrujeet/status/1956630402787074478,@mashrujeet,"Zomato order placed at 12:17 PM. ETA 12:59 PM.

Following up with customer service since then.

AI (with lots of artificial empathy):
Your order will reach by 1:28 PM; we had to reassign a partner.

After follow-ups,
AI: Your order will reach by 1:30 PM.

Again after follow ups",0,0,,"['zomato', 'order', 'placed', 'pm', 'eta', 'pm', 'following', 'customer', 'service', 'since', 'ai', 'lots', 'artificial', 'empathy', 'order', 'reach', 'pm', 'reassign', 'partner', 'followups', 'ai', 'order', 'reach', 'pm', 'follow', 'ups']",zomato order placed pm eta pm following customer service since ai lots artificial empathy order reach pm reassign partner followups ai order reach pm follow ups
1.95296e+18,https://x.com/NS7703/status/1952959926122496093,@NS7703,maa clg vallu graduation ayyaka 1yr zomato gold free ga iccharu,5,1,,"['maa', 'clg', 'vallu', 'graduation', 'ayyaka', 'yr', 'zomato', 'gold', 'free', 'ga', 'iccharu']",maa clg vallu graduation ayyaka yr zomato gold free ga iccharu
1.95421e+18,https://x.com/tiwarivedant16/status/1954214385150497249,@tiwarivedant16,"@zomatocare @zomato
I joined as a delivery partner on 21 July (ID: FE6394035).The very next day, my account was locked for behaviour issues without even completing a single order.I‚Äôve raised multiple tickets but only get the same copy-paste reply every time. No call or something",2,0,,"['joined', 'delivery', 'partner', 'july', 'id', 'fethe', 'next', 'day', 'account', 'locked', 'behaviour', 'issues', 'without', 'even', 'completing', 'single', 'orderive', 'raised', 'multiple', 'tickets', 'get', 'copypaste', 'reply', 'every', 'time', 'call', 'something']",joined delivery partner july id fethe next day account locked behaviour issues without even completing single orderive raised multiple tickets get copypaste reply every time call something
1.80633e+18,https://x.com/varunshraddha_/status/1806329075042050311,@varunshraddha_, waah @zomato,0,0,,['waah'],waah
1.95448e+18,https://x.com/SanatanPrabhat/status/1954475849639502059,@SanatanPrabhat," ‚ÄúIndia must aim to be a ruthless superpower!‚Äù ‚Äì Zomato CEO Deepinder Goyal on Trump‚Äôs 50% import duty

Economic growth, tech innovation & defence are vital - but above all, we need unshakable ambition.

#TrumpTariff #Geopolitics #TariffRow",32,26,"['#TrumpTariff', '#Geopolitics', '#TariffRow']","['india', 'must', 'aim', 'ruthless', 'superpower', 'zomato', 'ceo', 'deepinder', 'goyal', 'trumps', 'import', 'duty', 'economic', 'growth', 'tech', 'innovation', 'defence', 'vital', 'need', 'unshakable', 'ambition']",india must aim ruthless superpower zomato ceo deepinder goyal trumps import duty economic growth tech innovation defence vital need unshakable ambition
1.95635e+18,https://x.com/mastkashh/status/1956352869285744972,@mastkashh,"I open zomato 
I add food to my cart 
I see the final price
I go and make Maggi",5,0,,"['open', 'zomato', 'add', 'food', 'cart', 'see', 'final', 'price', 'go', 'make', 'maggi']",open zomato add food cart see final price go make maggi
1.95347e+18,https://x.com/thelifeofaarya/status/1953472657933865285,@thelifeofaarya,zomato wale bhaiya mere samne mujhe hi 3 stars ki rating deke gaye hain,13,0,,"['zomato', 'wale', 'bhaiya', 'mere', 'samne', 'mujhe', 'hi', 'stars', 'ki', 'rating', 'deke', 'gaye', 'hain']",zomato wale bhaiya mere samne mujhe hi stars ki rating deke gaye hain
1.95311e+18,https://x.com/Inc42/status/1953108811142549635,@Inc42,"India‚Äôs new-age tech startups are in their profitability era ‚Äî and FY25 has proven to be a breakout year for many listed players. From Info Edge leading the charts with a staggering ‚Çπ1310 Cr in net profit to Zomato, Justdial, IndiaMart and Digit crossing the ‚Çπ500 Cr mark, the",17,2,,"['indias', 'newage', 'tech', 'startups', 'profitability', 'era', 'fy', 'proven', 'breakout', 'year', 'many', 'listed', 'players', 'info', 'edge', 'leading', 'charts', 'staggering', 'cr', 'net', 'profit', 'zomato', 'justdial', 'indiamart', 'digit', 'crossing', 'cr', 'mark']",indias newage tech startups profitability era fy proven breakout year many listed players info edge leading charts staggering cr net profit zomato justdial indiamart digit crossing cr mark
1.9555e+18,https://x.com/aviralbhat/status/1955501627902931245,@aviralbhat,"Indian firms underinvesting in R&D may also be cultural 

Big 5 IT firms gave out $90B in dividends, built huge cash reserves, instead of reinvesting

Older Indian firms have grown up in scarcity, perhaps the mindset makes them conservative

Next-gen like Zomato will be audacious",900,57,,"['indian', 'firms', 'underinvesting', 'rd', 'may', 'also', 'cultural', 'big', 'firms', 'gave', 'b', 'dividends', 'built', 'huge', 'cash', 'reserves', 'instead', 'reinvesting', 'older', 'indian', 'firms', 'grown', 'scarcity', 'perhaps', 'mindset', 'makes', 'conservative', 'nextgen', 'like', 'zomato', 'audacious']",indian firms underinvesting rd may also cultural big firms gave b dividends built huge cash reserves instead reinvesting older indian firms grown scarcity perhaps mindset makes conservative nextgen like zomato audacious
1.95413e+18,https://x.com/RajChheda99/status/1954126200734880132,@RajChheda99,"If we exclude the recent inclusions of Jio and Zomato, then the P/E would be in below average zone",5,0,,"['exclude', 'recent', 'inclusions', 'jio', 'zomato', 'pe', 'would', 'average', 'zone']",exclude recent inclusions jio zomato pe would average zone
1.9531e+18,https://x.com/PranekiT/status/1953099289418235981,@PranekiT,"Saw a @Swiggy driver crash after a dog darted in front of him. Bystanders and I gave first aid. After 15 mins of bleeding, he insisted on delivering despite our pleas. The harsh reality of 10-min delivery. @Swiggy,@zomato please prioritize rider safety.",6,0,,"['saw', 'driver', 'crash', 'dog', 'darted', 'front', 'bystanders', 'gave', 'first', 'aid', 'mins', 'bleeding', 'insisted', 'delivering', 'despite', 'pleas', 'harsh', 'reality', 'min', 'delivery', 'please', 'prioritize', 'rider', 'safety']",saw driver crash dog darted front bystanders gave first aid mins bleeding insisted delivering despite pleas harsh reality min delivery please prioritize rider safety
1.95496e+18,https://x.com/cybervillager/status/1954959552111141346,@cybervillager,"Zomato delivering smiles, truly ",137,50,,"['zomato', 'delivering', 'smiles', 'truly']",zomato delivering smiles truly
1.95368e+18,https://x.com/imYadav31/status/1953675036197601735,@imYadav31,"First things first:
 2nd is my HDFC Infinia statement date
 On the 3rd, I load wallets through gift vouchers across all major apps I‚Äôll use this month.
 Flipkart
 Amazon
 Swiggy
 Zomato
 Myntra

Saves time when I‚Äôm in a rush & keeps my statement clean.
No 20 tiny",42,0,,"['first', 'things', 'first', 'nd', 'hdfc', 'infinia', 'statement', 'date', 'rd', 'load', 'wallets', 'gift', 'vouchers', 'across', 'major', 'apps', 'ill', 'use', 'month', 'flipkart', 'amazon', 'swiggy', 'zomato', 'myntra', 'saves', 'time', 'im', 'rush', 'keeps', 'statement', 'clean', 'tiny']",first things first nd hdfc infinia statement date rd load wallets gift vouchers across major apps ill use month flipkart amazon swiggy zomato myntra saves time im rush keeps statement clean tiny
1.95405e+18,https://x.com/scorprian/status/1954054497128644937,@scorprian,Zomato order placed at 9.40 AM today in Bangalore and still waiting for it to be delivered..what a pathetic service  and when you complain you get standard robotic reply. @zomato @zomatocare  @deepigoyal .. this has been happening for last 5 orders,5,2,,"['zomato', 'order', 'placed', 'today', 'bangalore', 'still', 'waiting', 'deliveredwhat', 'pathetic', 'service', 'complain', 'get', 'standard', 'robotic', 'reply', 'happening', 'last', 'orders']",zomato order placed today bangalore still waiting deliveredwhat pathetic service complain get standard robotic reply happening last orders
1.95534e+18,https://x.com/Datarsahab/status/1955342311199506712,@Datarsahab,Sometimes we had to tip extra to Zomato delivery guys because they got attacked at night due to  silent e-scooters. Uber Moto & Rapido bikes were allowed back then (unsure now) and so was seeing dogs chase you at 9:30 AM while you‚Äôre half-asleep on your way to work.,2,0,,"['sometimes', 'tip', 'extra', 'zomato', 'delivery', 'guys', 'got', 'attacked', 'night', 'due', 'silent', 'escooters', 'uber', 'moto', 'rapido', 'bikes', 'allowed', 'back', 'unsure', 'seeing', 'dogs', 'chase', 'youre', 'halfasleep', 'way', 'work']",sometimes tip extra zomato delivery guys got attacked night due silent escooters uber moto rapido bikes allowed back unsure seeing dogs chase youre halfasleep way work
1.95417e+18,https://x.com/auteasm/status/1954169748893388927,@auteasm,"There should be a third food ordering app zomato & swiggy milke maa chod rhe hai industry ki , how much better is a duopoly really than a monopoly ?",9,0,,"['third', 'food', 'ordering', 'app', 'zomato', 'swiggy', 'milke', 'maa', 'chod', 'rhe', 'hai', 'industry', 'ki', 'much', 'better', 'duopoly', 'really', 'monopoly']",third food ordering app zomato swiggy milke maa chod rhe hai industry ki much better duopoly really monopoly
1.95585e+18,https://x.com/aniketkrishna/status/1955853077421945191,@aniketkrishna,"research update : quick commerce industry

> trying out swiggy instead of (zomato + blinkit) for the next few weeks

> no other way to develop a touch and feel of what you own. 

> so far been a very satisfied user of zomato and blinkit. 

> not a fan of zepto. in fact, i really",3,0,,"['research', 'update', 'quick', 'commerce', 'industry', 'trying', 'swiggy', 'instead', 'zomato', 'blinkit', 'next', 'weeks', 'way', 'develop', 'touch', 'feel', 'far', 'satisfied', 'user', 'zomato', 'blinkit', 'fan', 'zepto', 'fact', 'really']",research update quick commerce industry trying swiggy instead zomato blinkit next weeks way develop touch feel far satisfied user zomato blinkit fan zepto fact really
1.95522e+18,https://x.com/HarUniversity/status/1955220262057550021,@HarUniversity,"People who are living in Lutyens delhi Or jorbagh type posh areas don't have any issue with Stray Dogs. 

Stray dogs is a problem for the person who is delivering products from blinkit zomato etc. 

Stray dogs is a problem of hardworking Middle class, poor and downtrodden. 

It",24,9,,"['people', 'living', 'lutyens', 'delhi', 'jorbagh', 'type', 'posh', 'areas', 'dont', 'issue', 'stray', 'dogs', 'stray', 'dogs', 'problem', 'person', 'delivering', 'products', 'blinkit', 'zomato', 'etc', 'stray', 'dogs', 'problem', 'hardworking', 'middle', 'class', 'poor', 'downtrodden']",people living lutyens delhi jorbagh type posh areas dont issue stray dogs stray dogs problem person delivering products blinkit zomato etc stray dogs problem hardworking middle class poor downtrodden
1.95281e+18,https://x.com/ManmohitSandhu/status/1952805600339083739,@ManmohitSandhu,Same offer is available for Zomato Gold. I just renewed mine! ,3,0,,"['offer', 'available', 'zomato', 'gold', 'renewed', 'mine']",offer available zomato gold renewed mine
1.95602e+18,https://x.com/ETMONEY/status/1956019372494815444,@ETMONEY,"Bandhan Small Cap completely exited 6 companies, including large-cap names like Reliance Industries and Eternal (Zomato).

Beyond the entries and exits, the fund also reshaped its existing holdings.",18,0,,"['bandhan', 'small', 'cap', 'completely', 'exited', 'companies', 'including', 'largecap', 'names', 'like', 'reliance', 'industries', 'eternal', 'zomato', 'beyond', 'entries', 'exits', 'fund', 'also', 'reshaped', 'existing', 'holdings']",bandhan small cap completely exited companies including largecap names like reliance industries eternal zomato beyond entries exits fund also reshaped existing holdings
1.95644e+18,https://x.com/YearOfTheKraken/status/1956437976092979375,@YearOfTheKraken,300 rupees me mil jaata hai Zomato pe bhai ,2,0,,"['rupees', 'mil', 'jaata', 'hai', 'zomato', 'pe', 'bhai']",rupees mil jaata hai zomato pe bhai
1.95601e+18,https://x.com/dealztrendz/status/1956011215194407107,@dealztrendz,"Buy 1 Get 1 Free (District by Zomato) ‚Äì Movies

Date: 15th August only 

How it works
‚Ä¢ Buy 2 tickets in one booking ‚Üí get up to ‚Çπ250 off on the 2nd ticket (BOGO).
‚Ä¢ Once per user, and only on your first movie booking
‚Ä¢ Valid on all movies.",304,30,,"['buy', 'get', 'free', 'district', 'zomato', 'movies', 'date', 'th', 'august', 'works', 'buy', 'tickets', 'one', 'booking', 'get', 'nd', 'ticket', 'bogo', 'per', 'user', 'first', 'movie', 'booking', 'valid', 'movies']",buy get free district zomato movies date th august works buy tickets one booking get nd ticket bogo per user first movie booking valid movies
1.95379e+18,https://x.com/samajwadi90656/status/1953786109487435810,@samajwadi90656,‡§™‡•à‡§∏‡§æ ‡§™‡§π‡§≤‡•á ‡§∏‡•á ‡§™‡•á‡§° ‡§•‡§æ ‡§ï‡•ç‡§Ø‡§æ,2,0,,"['‡§™‡•à‡§∏‡§æ', '‡§™‡§π‡§≤‡•á', '‡§∏‡•á', '‡§™‡•á‡§°', '‡§•‡§æ', '‡§ï‡•ç‡§Ø‡§æ']",‡§™‡•à‡§∏‡§æ ‡§™‡§π‡§≤‡•á ‡§∏‡•á ‡§™‡•á‡§° ‡§•‡§æ ‡§ï‡•ç‡§Ø‡§æ
1.9549e+18,https://x.com/yappedallnightt/status/1954901439752647093,@yappedallnightt,Ye zomato vale refund pura kyu nhi dete,6,0,,"['ye', 'zomato', 'vale', 'refund', 'pura', 'kyu', 'nhi', 'dete']",ye zomato vale refund pura kyu nhi dete
1.95359e+18,https://x.com/shrey_sacheti/status/1953592491476652464,@shrey_sacheti,The Zomato guy from changing lane like that and the driver for speeding on a curve he could have slowed down just a little but not he‚Äôs at minor fault,3,0,,"['zomato', 'guy', 'changing', 'lane', 'like', 'driver', 'speeding', 'curve', 'could', 'slowed', 'little', 'hes', 'minor', 'fault']",zomato guy changing lane like driver speeding curve could slowed little hes minor fault
1.95615e+18,https://x.com/bad_takes/status/1956154012308222315,@bad_takes,"one day, you will be able to prepone one million games with grontch ai. you can finally do the needful with a diablo 4 skin that costs $20. please give me money! I run 500 accounts called ""single mothers posting their Ls"" and ""race crime"" so I can buy Zomato and Swiggy every day",2,0,,"['one', 'day', 'able', 'prepone', 'one', 'million', 'games', 'grontch', 'ai', 'finally', 'needful', 'diablo', 'skin', 'costs', 'please', 'give', 'money', 'run', 'accounts', 'called', 'single', 'mothers', 'posting', 'ls', 'race', 'crime', 'buy', 'zomato', 'swiggy', 'every', 'day']",one day able prepone one million games grontch ai finally needful diablo skin costs please give money run accounts called single mothers posting ls race crime buy zomato swiggy every day
1.95314e+18,https://x.com/pranavmukul/status/1953137386352742583,@pranavmukul," Ant Financial to net nearly 6X return on investment from Zomato parent stake sale

 Total investment between 2018-2020: Rs 3,246 cr

 Total exit proceeds so far: Rs 12,500 cr

 Latest exit likely to yield: Rs 5,370 cr+

@ETtech",4,2,,"['ant', 'financial', 'net', 'nearly', 'x', 'return', 'investment', 'zomato', 'parent', 'stake', 'sale', 'total', 'investment', 'rs', 'cr', 'total', 'exit', 'proceeds', 'far', 'rs', 'cr', 'latest', 'exit', 'likely', 'yield', 'rs', 'cr']",ant financial net nearly x return investment zomato parent stake sale total investment rs cr total exit proceeds far rs cr latest exit likely yield rs cr
1.95412e+18,https://x.com/yamato_rwf/status/1954124300174389605,@yamato_rwf,"„Ç§„É≥„ÉâÊóÖ„ÄÄËÖπÂ£ä„Åô„ÅãÊó•Ë®ò„ÄÄ61È£üÁõÆ

„Éª„Éî„Ç∂„ÄÅ„Éë„Çπ„Çø
„Éª940„É´„Éî„Éº/1,593ÂÜÜZomato, Mumbai

„Éî„Ç∂„ÅØÁæéÂë≥„ÅÑ„ÄÇ„Éë„Çπ„Çø„ÅØÁîò„Åè„Å¶‰∏çÂë≥„ÅÑ„ÄÇ„Ç§„É≥„Éâ„Åß„ÅäËÖπÂ£ä„ÅôÊ∞ó„Åå„Åó„Å™„ÅÑ„ÄÇ

ËÖπÂ£ä„ÅóÂõûÊï∞„ÄÄ1Âõû„ÄÄËÖπÂ£ä„ÅóÁ¢∫Áéá„ÄÄ1.63%",8,0,,"['zomato', 'mumbai']",zomato mumbai
1.37065e+18,https://x.com/rishushhh/status/1370645787626016772,@rishushhh,"It is obvious a poor delivery boy working under Zomato would never be abusive to the customers he's well aware that such a behavior would cost him his job. 
@zomatoin pls be fair to the guy! ",6,0,,"['obvious', 'poor', 'delivery', 'boy', 'working', 'zomato', 'would', 'never', 'abusive', 'customers', 'hes', 'well', 'aware', 'behavior', 'would', 'cost', 'job', 'pls', 'fair', 'guy']",obvious poor delivery boy working zomato would never abusive customers hes well aware behavior would cost job pls fair guy
1.95311e+18,https://x.com/yaappersville/status/1953114513282351407,@yaappersville,missing imperfection on zomato every meal being photographed in a studio is killing my appetite,5,0,,"['missing', 'imperfection', 'zomato', 'every', 'meal', 'photographed', 'studio', 'killing', 'appetite']",missing imperfection zomato every meal photographed studio killing appetite
1.95229e+18,https://x.com/chartians/status/1952288133896135003,@chartians,"Quick comm, Platforms Biz consolidating nicely 

Zomato [eternal]
Paytm
Swiggy
Nykaa",110,7,,"['quick', 'comm', 'platforms', 'biz', 'consolidating', 'nicely', 'zomato', 'eternal', 'paytm', 'swiggy', 'nykaa']",quick comm platforms biz consolidating nicely zomato eternal paytm swiggy nykaa
1.95568e+18,https://x.com/HariAyapps/status/1955684694865170693,@HariAyapps,"Discounting for COVID and De-monetisation, delivery apps like Zomato and Swiggy seem to be steadily contributing  towards fatal two wheeler accidents in Bangalore. 

Something needs to be done about this..",5,0,,"['discounting', 'covid', 'demonetisation', 'delivery', 'apps', 'like', 'zomato', 'swiggy', 'seem', 'steadily', 'contributing', 'towards', 'fatal', 'two', 'wheeler', 'accidents', 'bangalore', 'something', 'needs', 'done']",discounting covid demonetisation delivery apps like zomato swiggy seem steadily contributing towards fatal two wheeler accidents bangalore something needs done
1.95564e+18,https://x.com/upadhyay_harsh1/status/1955635794598821943,@upadhyay_harsh1,"Rapido pilots food delivery app Ownly

As per reports, it will have no commissions, platform or packaging fees, price markups, surge pricing, or extra delivery charges initially.

Zomato and Swiggy:",20,4,,"['rapido', 'pilots', 'food', 'delivery', 'app', 'ownly', 'per', 'reports', 'commissions', 'platform', 'packaging', 'fees', 'price', 'markups', 'surge', 'pricing', 'extra', 'delivery', 'charges', 'initially', 'zomato', 'swiggy']",rapido pilots food delivery app ownly per reports commissions platform packaging fees price markups surge pricing extra delivery charges initially zomato swiggy
1.95279e+18,https://x.com/plankt0nfart/status/1952788119515762996,@plankt0nfart,scrolled through zomato and swiggy for 20 mins and finally ended up deciding to tuck myself into bed and save up those 250rs,12,1,,"['scrolled', 'zomato', 'swiggy', 'mins', 'finally', 'ended', 'deciding', 'tuck', 'bed', 'save', 'rs']",scrolled zomato swiggy mins finally ended deciding tuck bed save rs
1.74069e+18,https://x.com/kittuskatori/status/1740690401290567979,@kittuskatori,"Faasos acha hai na, kaafi cheap bhi hai",0,0,,"['faasos', 'acha', 'hai', 'na', 'kaafi', 'cheap', 'bhi', 'hai']",faasos acha hai na kaafi cheap bhi hai
1.95304e+18,https://x.com/sumedhbhagwat/status/1953043663313093051,@sumedhbhagwat,Director of  Governance risk & compliance at Eternal Zomato liquidated 85% of his holding ??,5,0,,"['director', 'governance', 'risk', 'compliance', 'eternal', 'zomato', 'liquidated', 'holding']",director governance risk compliance eternal zomato liquidated holding
1.95621e+18,https://x.com/ChupkarTanya/status/1956205514477469848,@ChupkarTanya,delhi ka best dosa shop btao jo zomato pr bhi available ho.,4,0,,"['delhi', 'ka', 'best', 'dosa', 'shop', 'btao', 'jo', 'zomato', 'pr', 'bhi', 'available', 'ho']",delhi ka best dosa shop btao jo zomato pr bhi available ho
1.95432e+18,https://x.com/WhotheeG/status/1954315779740143906,@WhotheeG,4:30 ko zomato kholte hue,2,0,,"['ko', 'zomato', 'kholte', 'hue']",ko zomato kholte hue
1.95313e+18,https://x.com/im_sd2001/status/1953127115727003657,@im_sd2001,"A month of being consistent at the gym 

No zomato/Swiggy/sugary foods 

5kg fat lost, 4kg muscle mass gain 

This place can change you, if you want to !!!

(Here's a pic of me sleeping happily tonight)",5,0,,"['month', 'consistent', 'gym', 'zomatoswiggysugary', 'foods', 'kg', 'fat', 'lost', 'kg', 'muscle', 'mass', 'gain', 'place', 'change', 'want', 'heres', 'pic', 'sleeping', 'happily', 'tonight']",month consistent gym zomatoswiggysugary foods kg fat lost kg muscle mass gain place change want heres pic sleeping happily tonight
1.95458e+18,https://x.com/Khushiknk/status/1954580764760150165,@Khushiknk,"i've tried zomato, i've tried swiggy, i've even tried zepto but i can bet ‚Äúpapa aate waqt kuch lete aayegaa‚Äù is best of all",2,0,,"['ive', 'tried', 'zomato', 'ive', 'tried', 'swiggy', 'ive', 'even', 'tried', 'zepto', 'bet', 'papa', 'aate', 'waqt', 'kuch', 'lete', 'aayegaa', 'best']",ive tried zomato ive tried swiggy ive even tried zepto bet papa aate waqt kuch lete aayegaa best
1.95404e+18,https://x.com/Sugamyata/status/1954040487956164916,@Sugamyata,"More than 130 crore persons with disabilities represent a huge, underserved market.
To include us, companies must:
 Follow Accessibility Standards (WCAG: https://w3.org/WAI/fundamentals/accessibility-intro/#examples‚Ä¶)
 Sensitize & train developers
 Take feedback from real users like us (5/6)",5,4,,"['crore', 'persons', 'disabilities', 'represent', 'huge', 'underserved', 'market', 'include', 'us', 'companies', 'must', 'follow', 'accessibility', 'standards', 'wcag', 'sensitize', 'train', 'developers', 'take', 'feedback', 'real', 'users', 'like', 'us']",crore persons disabilities represent huge underserved market include us companies must follow accessibility standards wcag sensitize train developers take feedback real users like us
1.95632e+18,https://x.com/Humblebumbum/status/1956322673144807624,@Humblebumbum,"Unpopular opinion: Zomato's delivery fee is more expensive than the actual food sometimes.

‚Çπ49 for food + ‚Çπ25 delivery + ‚Çπ10 platform fee + ‚Çπ5 packaging = ‚Çπ89 total

For a ‚Çπ49 meal 

Am I the only one who thinks this is getting out of hand?",7,1,,"['unpopular', 'opinion', 'zomatos', 'delivery', 'fee', 'expensive', 'actual', 'food', 'sometimes', 'food', 'delivery', 'platform', 'fee', 'packaging', 'total', 'meal', 'one', 'thinks', 'getting', 'hand']",unpopular opinion zomatos delivery fee expensive actual food sometimes food delivery platform fee packaging total meal one thinks getting hand
1.85992e+18,https://x.com/BhatnagarAanya/status/1859918956699750805,@BhatnagarAanya,"bro exactly,all comments are replies are cracking me  Zomato emo dena hoga na",0,0,,"['bro', 'exactlyall', 'comments', 'replies', 'cracking', 'zomato', 'emo', 'dena', 'hoga', 'na']",bro exactlyall comments replies cracking zomato emo dena hoga na
1.95516e+18,https://x.com/nithinnnm/status/1955162996776526259,@nithinnnm,"Spotify, zepto, eatclub(if you don‚Äôt order frequently), zomato or swiggy( swiggy pretty much does everything in the same app unlike zomato)
Hotstar is fine - pricing is so low that you wouldn‚Äôt mind keeping it idle",2,0,,"['spotify', 'zepto', 'eatclubif', 'dont', 'order', 'frequently', 'zomato', 'swiggy', 'swiggy', 'pretty', 'much', 'everything', 'app', 'unlike', 'zomato', 'hotstar', 'fine', 'pricing', 'low', 'wouldnt', 'mind', 'keeping', 'idle']",spotify zepto eatclubif dont order frequently zomato swiggy swiggy pretty much everything app unlike zomato hotstar fine pricing low wouldnt mind keeping idle
1.95354e+18,https://x.com/motordave2/status/1953537039229677836,@motordave2,True! Looks like someone else‚Äôs order via @zomato almost delivered to Honda city driver :),2,0,,"['true', 'looks', 'like', 'someone', 'elses', 'order', 'via', 'almost', 'delivered', 'honda', 'city', 'driver']",true looks like someone elses order via almost delivered honda city driver
1.95567e+18,https://x.com/kswindia/status/1955665175706808326,@kswindia,"Hi @deepigoyal @zomatocare @zomato 
Can we ask the restaurants throughout to not use these black plastic boxes? I am afraid these are recycled and may cause extreme harm to our bodies especially when Hot Items are sent through them. 

Please look into this. ",7,1,,"['hi', 'ask', 'restaurants', 'throughout', 'use', 'black', 'plastic', 'boxes', 'afraid', 'recycled', 'may', 'cause', 'extreme', 'harm', 'bodies', 'especially', 'hot', 'items', 'sent', 'please', 'look']",hi ask restaurants throughout use black plastic boxes afraid recycled may cause extreme harm bodies especially hot items sent please look
1.83321e+18,https://x.com/kittuskatori/status/1833208823232008550,@kittuskatori,Even I feel but so many ppl use zomato so I‚Äôm confused,0,0,,"['even', 'feel', 'many', 'ppl', 'use', 'zomato', 'im', 'confused']",even feel many ppl use zomato im confused
1.95387e+18,https://x.com/SRKzBruce/status/1953868193937993928,@SRKzBruce,Zomato new brand ambassador #ShahRukhKhan ,854,159,['#ShahRukhKhan'],"['zomato', 'new', 'brand', 'ambassador']",zomato new brand ambassador
1.95486e+18,https://x.com/AmuthanKan22128/status/1954859366139756865,@AmuthanKan22128,"‡ÆØ‡Ææ‡Æ∞‡Ææ‡Æö‡Øç‡Æö‡ØÅ‡ÆÆ‡Øç zomato swiggy ‡Æ≤ ‡ÆÜ‡Æ∞‡Øç‡Æü‡Æ∞‡Øç ‡Æ™‡Øã‡Æü‡Øç‡Æ∞‡ØÅ‡Æ®‡Øç‡Æ§‡Ææ delivery boy TVK ‡Æï‡Ææ‡Æ∞‡Æ©‡Ææ‡Æ©‡ØÅ check ‡Æ™‡Æ£‡Øç‡Æ£‡Æø‡Æ∞‡ØÅ‡Æô‡Øç‡Æï....

‡Æá‡Æ≤‡Øç‡Æ≤‡Ææ‡Æü‡Øç‡Æü‡Æø ‡Æπ‡Øã‡Æü‡Øç‡Æü‡Æ≤‡Øç ‡Æµ‡Ææ‡Æö‡Æ≤‡Øç‡Æ≤ ‡Æ§‡Ææ‡Æ©‡Øç ‡Æ®‡Æø‡Æï‡Øç‡Æï‡Øá‡Æ©‡Øç ‡Æµ‡Æ®‡Øç‡Æ§‡ØÅ ‡Æµ‡Ææ‡Æô‡Øç‡Æï‡Æø‡Æï‡Øç‡Æï‡Øã‡Æô‡Øç‡Æï‡Æ©‡ØÅ ‡Æö‡Øä‡Æ≤‡Øç‡Æ≤‡Æø‡Æ∞‡ØÅ‡Æµ‡Ææ‡Æ©‡ØÅ‡Æô‡Øç‡Æï......",639,183,,"['zomato', 'swiggy', 'delivery', 'boy', 'tvk', 'check']",zomato swiggy delivery boy tvk check
1.95415e+18,https://x.com/UtsavDutta18/status/1954147374080692256,@UtsavDutta18,SRK precisely to be Zomato's next brand ambassador,114,25,,"['srk', 'precisely', 'zomatos', 'next', 'brand', 'ambassador']",srk precisely zomatos next brand ambassador
1.95385e+18,https://x.com/Jamie_Venom/status/1953854777139269938,@Jamie_Venom,"Swiggy is geared towards ordering in stress eating lonely food. 

Zomato also has options for dining/eating out + offers. Yeah, women socialize way more than men.",6,0,,"['swiggy', 'geared', 'towards', 'ordering', 'stress', 'eating', 'lonely', 'food', 'zomato', 'also', 'options', 'diningeating', 'offers', 'yeah', 'women', 'socialize', 'way', 'men']",swiggy geared towards ordering stress eating lonely food zomato also options diningeating offers yeah women socialize way men
1.95359e+18,https://x.com/Sarfarosh_IND/status/1953593399153766748,@Sarfarosh_IND,"0:06 Both are at fault 
Zomato, because he went from extreme left to right without any signal
Car is at fault because the biker was in front left of the car.. it was easy for car driver to spot him coming to the right and slow down.",21,1,,"['fault', 'zomato', 'went', 'extreme', 'left', 'right', 'without', 'signal', 'car', 'fault', 'biker', 'front', 'left', 'car', 'easy', 'car', 'driver', 'spot', 'coming', 'right', 'slow']",fault zomato went extreme left right without signal car fault biker front left car easy car driver spot coming right slow
1.95266e+18,https://x.com/dealztrendz/status/1952657121868136574,@dealztrendz,"Zomato Gold available for 3 months at ‚Çπ1. 

Hurry, check the Zomato app!",169,15,,"['zomato', 'gold', 'available', 'months', 'hurry', 'check', 'zomato', 'app']",zomato gold available months hurry check zomato app
1.95569e+18,https://x.com/IshanTanna1/status/1955686850850689275,@IshanTanna1,"Zomato is ramping up its food delivery push once again, as mentioned in its concall, 

by rolling out a festival special offer ‚Äî free delivery on orders above ‚Çπ99, instead of the earlier ‚Çπ199 threshold.",3,0,,"['zomato', 'ramping', 'food', 'delivery', 'push', 'mentioned', 'concall', 'rolling', 'festival', 'special', 'offer', 'free', 'delivery', 'orders', 'instead', 'earlier', 'threshold']",zomato ramping food delivery push mentioned concall rolling festival special offer free delivery orders instead earlier threshold
1.95306e+18,https://x.com/AayushA43626/status/1953060428948398145,@AayushA43626,"#antfinn to exit #eternal at 285 

can we see a lower circuit in #zomato tomorrow?

#nifty",2,0,"['#antfinn', '#eternal', '#zomato', '#nifty']","['exit', 'see', 'lower', 'circuit', 'tomorrow']",exit see lower circuit tomorrow
1.95274e+18,https://x.com/avgspacelover/status/1952735050283270359,@avgspacelover,"i miss those airtel songs, wish a brand made a new one. zomato is perfectly positioned to do it",6,1,,"['miss', 'airtel', 'songs', 'wish', 'brand', 'made', 'new', 'one', 'zomato', 'perfectly', 'positioned']",miss airtel songs wish brand made new one zomato perfectly positioned
1.95353e+18,https://x.com/abhijitmajumder/status/1953533272417611825,@abhijitmajumder,Zomato guy riding while speaking on the phone.,45,11,,"['zomato', 'guy', 'riding', 'speaking', 'phone']",zomato guy riding speaking phone
1.95661e+18,https://x.com/factdominus/status/1956613028495101961,@factdominus,Next move: give Zomato delivery boys a 6-month course so they can also do brain surgery on the side.,5,1,,"['next', 'move', 'give', 'zomato', 'delivery', 'boys', 'month', 'course', 'also', 'brain', 'surgery', 'side']",next move give zomato delivery boys month course also brain surgery side
1.95634e+18,https://x.com/samosaslayer/status/1956339768762958077,@samosaslayer,got refunded for the delayed order !! ily @zomato thank you,2,0,,"['got', 'refunded', 'delayed', 'order', 'ily', 'thank']",got refunded delayed order ily thank
1.95554e+18,https://x.com/commentedcodex/status/1955537738117300687,@commentedcodex,"Zomato gold se bhi cab book ho rha hai 

Where is Uber? For me Uber was the fastest in Bangalore.",2,0,,"['zomato', 'gold', 'se', 'bhi', 'cab', 'book', 'ho', 'rha', 'hai', 'uber', 'uber', 'fastest', 'bangalore']",zomato gold se bhi cab book ho rha hai uber uber fastest bangalore
1.95633e+18,https://x.com/vatsal_toxic/status/1956325008910725207,@vatsal_toxic,Food on train is the best thing by @zomato ,2,0,,"['food', 'train', 'best', 'thing']",food train best thing
1.9548e+18,https://x.com/807Arnav/status/1954801810591383834,@807Arnav,"Got my Swiggy HDFC Credit Card! 
Bye Bye Zomato ",8,0,,"['got', 'swiggy', 'hdfc', 'credit', 'card', 'bye', 'bye', 'zomato']",got swiggy hdfc credit card bye bye zomato
1.95602e+18,https://x.com/ChartAtlas/status/1956015769390854438,@ChartAtlas,"#ZOMATO #ETERNAL ‚Äì 318

Gained 26%  since analysis tweeted at 253.

‚ûî Clean and neat trading range breakout.
‚ûî Good buy volume versus low sell volume.
‚ûî RSI gliding above 60 supports upside momentum.",6,0,"['#ZOMATO', '#ETERNAL']","['gained', 'since', 'analysis', 'tweeted', 'clean', 'neat', 'trading', 'range', 'breakout', 'good', 'buy', 'volume', 'versus', 'low', 'sell', 'volume', 'rsi', 'gliding', 'supports', 'upside', 'momentum']",gained since analysis tweeted clean neat trading range breakout good buy volume versus low sell volume rsi gliding supports upside momentum
1.95638e+18,https://x.com/creditkeeda/status/1956377810198475112,@creditkeeda," Underrated Card for Fuel Spends

IndusInd Delights Debit Card (with Indus Delite Zero Balance A/c)
 5% rewards on Fuel, Dining & OTT ‚Äì works at any fuel station
 ‚Çπ25K spend in 3 months ‚Üí waive ‚Çπ499+GST annual fee
 Zomato ‚Äì 10% off up to ‚Çπ300/month (max ‚Çπ100 per",32,12,,"['underrated', 'card', 'fuel', 'spends', 'indusind', 'delights', 'debit', 'card', 'indus', 'delite', 'zero', 'balance', 'ac', 'rewards', 'fuel', 'dining', 'ott', 'works', 'fuel', 'station', 'k', 'spend', 'months', 'waive', 'gst', 'annual', 'fee', 'zomato', 'month', 'max', 'per']",underrated card fuel spends indusind delights debit card indus delite zero balance ac rewards fuel dining ott works fuel station k spend months waive gst annual fee zomato month max per
1.9543e+18,https://x.com/Lakshya_Dhakare/status/1954302645969260888,@Lakshya_Dhakare,"Day 40: #100DaysOfCode
Made a clone of Zomato for the first time using html.
I wrote html on my own.
CSS ----> credit goes to chatgpt.

Solved a Leetcode
#CodeNewbie #LeetCode #HTML",4,0,"['#100DaysOfCode', '#CodeNewbie', '#LeetCode', '#HTML']","['day', 'made', 'clone', 'zomato', 'first', 'time', 'using', 'html', 'wrote', 'html', 'css', 'credit', 'goes', 'chatgpt', 'solved', 'leetcode']",day made clone zomato first time using html wrote html css credit goes chatgpt solved leetcode
1.95378e+18,https://x.com/LancerFlying/status/1953777779817755091,@LancerFlying,"LAT Aerospace, co-founded by Zomato's Deepinder Goyal, is Developing a 24-Seater STOL Aircraft Positioned Above NAL Saras Mk2 
NAL Saras has been under development since 1991. Cancelled in 2016 and revived in 2017.
The first Saras (PT1) flew in 2004
Mark-2's maiden flight by 2027",2,0,,"['lat', 'aerospace', 'cofounded', 'zomatos', 'deepinder', 'goyal', 'developing', 'seater', 'stol', 'aircraft', 'positioned', 'nal', 'saras', 'mk', 'nal', 'saras', 'development', 'since', 'cancelled', 'revived', 'first', 'saras', 'pt', 'flew', 'marks', 'maiden', 'flight']",lat aerospace cofounded zomatos deepinder goyal developing seater stol aircraft positioned nal saras mk nal saras development since cancelled revived first saras pt flew marks maiden flight
1.95414e+18,https://x.com/Lakshya_Dhakare/status/1954144686488056240,@Lakshya_Dhakare,"Building zomato's clone only by using html
 #HTML #Grind",2,0,"['#HTML', '#Grind']","['building', 'zomatos', 'clone', 'using', 'html']",building zomatos clone using html
1.95513e+18,https://x.com/VBHATI2050/status/1955129140698583425,@VBHATI2050,"Zomato gold is free and that's only the point,
It's one of the most useless membership",4,0,,"['zomato', 'gold', 'free', 'thats', 'point', 'one', 'useless', 'membership']",zomato gold free thats point one useless membership
