tweet_id,tweet_url,author,text,likes,retweets,hashtags
1.95657E+18,https://x.com/zomato/status/1956574450976968796,@zomato,There’s always a great time waiting at the end of the tough times. Happy Janmashtami everyone ,39,2,
1.95647E+18,https://x.com/Traderghadge/status/1956467415916904718,@Traderghadge,"Heavy rains in Mumbai, waterlogging everywhere. I just saw a Zomato delivery guy walking through it all to deliver food. The dedication is incredible — because of people like him, someone won’t sleep hungry tonight.  Hats off to our delivery heroes!  #MumbaiRains 
@zomato",137,12,['#MumbaiRains']
1.95623E+18,https://x.com/akhileshsharma1/status/1956231069403111695,@akhileshsharma1,"Nice ad 
@zomato
 
@timesofindia
 

Loving it!! 
#IndependenceDay",16000,1520,['#IndependenceDay']
1.95626E+18,https://x.com/zomato/status/1956255819361599717,@zomato,To the relentless spirit of this incredible nation  Happy Independence Day ,478,69,
1.9552E+18,https://x.com/OdiaToka23/status/1955196068892913877,@OdiaToka23,"Price scam by 
@zomato
  ? 
I got the Bill summary of ₹248  where ₹23 was for GST & Resturant packing . 
Same invoice generated for the same order claims ₹236.67 including GST and restaurant package. 
Another invoice attached on the delivery with price ₹225 

@zomatocare
 looting",1,1,
1.95638E+18,https://x.com/simranrambles/status/1956384305850229040,@simranrambles,why would you ever zomato food,221,2,
1.95483E+18,https://x.com/soge_rushikesh/status/1954828680032641331,@soge_rushikesh,"Ye sb mere sath hi kyu hota hai.
#zomato",4,0,['#zomato']
1.95346E+18,https://x.com/Deadlykalesh/status/1953455906630308326,@Deadlykalesh,"Zomato delivery guy met with an accident in Delhi. 
Who's at fault?",8100,1167,
1.95634E+18,https://x.com/iPrash/status/1956344120386932805,@iPrash,"Brilliant ad, 
@zomato",0,0,
1.95442E+18,https://x.com/PressSubodhJain/status/1954424049272017206,@PressSubodhJain,"साल 2008 में Restaurant Discovery & Review_Platform के तौर पर बाजार में आई 
@zomato
 ने बाद में #Food_Delivery शुरू कर दी। 

यानी ना तो कच्चा सामान खरीदना, ना बनाना और ना बेचना, केवल माल सप्लाई के लिए शुल्क लेने का काम है। 

लेकिन अब भ्रष्ट नौकरशाही की मिलीभगत से यह और ऐसी कंपनियां",21,13,['#Food_Delivery']
1.95439E+18,https://x.com/_SanjayGupta/status/1954385756803510752,@_SanjayGupta,"HORRIBLE & DISGUSTING experience ordering from ZOMATO.
Opened adulterated packages and obnoxiously rude delivery partners. That too post 2am.

@zomatocare
 

@zomatocare",4,0,
1.95426E+18,https://x.com/cleanAirBharat/status/1954259210595930296,@cleanAirBharat,"Hosting a party at home ? Putting in effort to welcome guests, put in the same effort when arranging food from outside! Use reusable containers and shun disposables. This way, the party will be enjoyable not just for your guests, but for the environment too! 

 @Swiggy @Zomato",2,0,
1.95531E+18,https://x.com/ravihanda/status/1955309597746708957,@ravihanda,"Fairly disappointed with the order that was delivered. Had cheese poured over the Momo and not inside it. Also, there was no corn in it either. 

More of a restaurant issue to be honest but the way @zomato / @zomatocare handled the issue was poor as well. 

I tried getting to a",10,0,
1.95555E+18,https://x.com/AnikCha95356308/status/1955547845156802905,@AnikCha95356308,"Why is EVERY e-commerce platform in India charging random extra fees?
*Handling Fee
*Payment Handling Fee
*Protect Promise Fee(seriously,what is this?)
Flipkart Amazon Swiggy Zomato all doing it.We’re already paying for the product, delivery,GST — now these hidden charges?",3,0,
1.95452E+18,https://x.com/nandanakalam/status/1954517585753502090,@nandanakalam,"Hack stories 08/08/25
Devaki Nandana
Being the most zeptoish and starbucks woman, I managed to work out of Asia’s largest MVRLA factory with bare network (forget about Zepto/ Zomato). I automated the assembly floor and now onto warehouse automations?",3,0,
1.95632E+18,https://x.com/UltimateDeall/status/1956321711156334863,@UltimateDeall,"Zomato Gold for 3 months at just ₹1!  Hurry, open your Zomato app now!

#ccgeek #Zomato #IndependenceDay #discountcode",3,0,"['#ccgeek', '#Zomato', '#IndependenceDay', '#discountcode']"
1.95381E+18,https://x.com/MarketingMind_/status/1953811601578242500,@MarketingMind_,"This news comes after Shah Rukh Khan was seen in Zomato’s new ad campaign, Fuel Your Hustle.

#MarketingMind #ShahRukhKhan #Zomato #WhatsBuzzing",960,238,"['#MarketingMind', '#ShahRukhKhan', '#Zomato', '#WhatsBuzzing']"
1.95274E+18,https://x.com/anushkag319/status/1952743870938206425,@anushkag319,Swiggy >>>> Zomato. Always ,23,0,
1.95334E+18,https://x.com/Srivstv_ji/status/1953337650443636923,@Srivstv_ji,"Babe di full a kirpa 
@zomato ji ",18,1,
1.95423E+18,https://x.com/cap_ta7n/status/1954226234965336543,@cap_ta7n,moodevi..bookmyshow nu nenachu zomato kula poitruka,210,8,
1.95588E+18,https://x.com/startupexitsind/status/1955880680069435458,@startupexitsind," Rapido enters food delivery with 'Ownly' in Bengaluru, takes on Zomato and Swiggy.

 The company will charge a fixed fee of Rs 25 on orders below Rs 400 and Rs 50 on orders over Rs 400.
#Rapido #banglore #India #ownly",8,0,"['#Rapido', '#banglore', '#India', '#ownly']"
1.9564E+18,https://x.com/livingraves/status/1956403658783940790,@livingraves,Don't call me pretty zomato food for me,28,0,
1.95528E+18,https://x.com/siddharthbosee/status/1955278072703246511,@siddharthbosee,really wanna know what swiggy/zomato or any other delivery boys have to say in the street dogs verdict,3,0,
1.95376E+18,https://x.com/rahulsavita110/status/1953761159712321773,@rahulsavita110,"I have normalised this everyday.  
Visible improvement in daily activity , sleep,skin health and bowels . 
Best part is it is very pocket friendly 3 weeks worth of salad won't cost more than one or 2 swiggy_zomato orders .
This  is a zero risk high return investment .",11,1,
1.95593E+18,https://x.com/shrisachin1604/status/1955929615517565279,@shrisachin1604," Rapido is taking on Swiggy & Zomato!
The mobility giant has quietly launched Ownly, a standalone food delivery app, in Koramangala & HSR Layout, Bengaluru
Flat, transparent pricing.Low restaurant commissions.
@entrack @upadhyay_harsh1",7,6,
1.95335E+18,https://x.com/primal_brainer/status/1953351226122174855,@primal_brainer,"i met this director at zomato back in sep '24. he had dropped out of his mba at ISB to join indmoney, and eventually moved to zomato.

he told me, people either see him as someone who threw away a big opportunity, or someone with guts.

i asked him what he thinks i should do.

he",28,0,
1.95532E+18,https://x.com/Courage18203/status/1955322736999534915,@Courage18203,I was craving too hard for noodles and ordered it from @zomato which took around 50 minutes to get delivered and this is what I got ... Fried rice ...I am sick of rice now... Is this way how you give services to your customers? @zomatocare @deepigoyal,3,0,
1.95563E+18,https://x.com/Ravisutanjani/status/1955634163853443142,@Ravisutanjani," Rapido Launched Food Delivery App

'Ownly' App is Live in Select Areas in Bengaluru

Will Be Expanded To Delhi NCR and Mumbai 

Rapido Will Follow Flat Commission Model

Good To See Competitor of Zomato and Swiggy",1600,112,
1.95451E+18,https://x.com/Windsofchange72/status/1954505844764344547,@Windsofchange72,"No this is not true. My Amazon parcels lie outside the door, nobody steals it.

Zomato delivery boys leave their bikes full of packages and go for delivery rounds and no one steals it. 

Numerous instances of people returning lost things and wallets.",7,1,
1.95526E+18,https://x.com/ashokbansal/status/1955262712012796045,@ashokbansal,@CPMumbaiPolice @DGPMaharashtra The traffic in Mumbai is worsening each day because of Swiggy and Zomato. The schemes of payment to poor delivery persons are such that these persons are putting their own lives and the lives of others at risk to complete as many trips as possible,2,0,
1.95444E+18,https://x.com/whereis_soumya/status/1954441846601416823,@whereis_soumya,Paisa dedo ham bhi zomato se bhejwa denge,16,0,
1.95377E+18,https://x.com/Alakesh_Phy/status/1953765191763866013,@Alakesh_Phy,"I don’t know if Zomato has made my life easier, or me lazier.",3,0,
1.95659E+18,https://x.com/ProteinEnforcer/status/1956594188889284725,@ProteinEnforcer,"Don’t be lazy.

20–30 min meal prep a day keeps Zomato, Swiggy & Zepto away.

30–40 min walk keeps fat away.

Discipline > excuses.",2,0,
1.95418E+18,https://x.com/AeroAwcs/status/1954177550227312878,@AeroAwcs,"India doesn't have festivities, it has hectivities. Everything is super hectic on festivals. Mithaai ki dukaan is full of zomato/uber staff. 
They have to work hard during peak time, so that they can afford some gifts for their sisters, while we can spend more time home. Hectic!",2,1,
1.9566E+18,https://x.com/lordelyricb0t/status/1956598787998203906,@lordelyricb0t,Imagine living here and STILL not getting food sabudana kichdi on zomato ,4,1,
1.95551E+18,https://x.com/chandkpaarchalo/status/1955508259931976151,@chandkpaarchalo,"Aajkal Ka Pyar: Zomato Jaisa Ho Gaya Hai

Aajkal extra-marital affair koi mushkil cheez nahi reh gayi hai. Sab kuch social media par available hai....jaise Zomato par har dish milti hai, waise hi har tarah ka “attention” bhi mil jata hai. Kabhi bhi, kisi bhi waqt... bas ek click",70,15,
1.95388E+18,https://x.com/nahiyaaaaar/status/1953875575900148157,@nahiyaaaaar,"Even if your daily data limit is over, you can still order food from zomato/Swiggy and make payment through Paytm app. 

Capitalist nexus is amazing.",26,1,
1.95517E+18,https://x.com/twinkythough/status/1955174212550729813,@twinkythough,How I be like when I save Rs 10 on the same order by ordering it from zomato.,280,3,
1.95442E+18,https://x.com/TGPWU/status/1954417521089777915,@TGPWU," Hyderabad | 9 Aug 2025, 9:30 PM Near TKR Kaman, 
@zomato
 delivery Worker falls into drainage during heavy rain — bike & phone gone. ₹10 rain bonus = worker’s life, 
@deepigoyal
 


@TelanganaCMO
 
@revanth_anumula
 
@Ponnam_INC


@VivekVenkatswam


#TGPWU #ShaikSalauddin #GigWorkers",85,44,"['#TGPWU', '#ShaikSalauddin', '#GigWorkers']"
1.95587E+18,https://x.com/TimesNow/status/1955871829165281460,@TimesNow,Rapido Challenges Swiggy & Zomato - Launches Ownly App With Zero-Commission Food Delivery,0,1,
1.95439E+18,https://x.com/Marswalkerr/status/1954387909697814936,@Marswalkerr,"After the GT engine update from LAT aerospace, I’m only ordering from Zomato.",34,3,
1.95303E+18,https://x.com/albinder/status/1953034121514742001,@albinder,"Today, we hosted our first Access-Ability Conclave at Eternal. The objective was to gather feedback on the Zomato and Blinkit apps from the visually challenged community and share our plan to make our products more accessible and inclusive.

We listened, observed and tried to",81,7,
1.95418E+18,https://x.com/shuklakanika01/status/1954179983573651762,@shuklakanika01,"""Agar kisi cheez ko pure dil se chaho, toh puri kaynaat usse tumse milane ki koshish mein lag jaati hai""
Accha, Kaynat itni free hai kya? 
Abhi main pure dil se Rolls Royce maang lun toh aa jaayegi?  
Kaynat hai woh, zomato nahi
Matlab kuch bhi ",60,2,
1.95384E+18,https://x.com/Snehalsays_03/status/1953835013239451776,@Snehalsays_03,"Cutting par hu, yeh sab mat dikhao  
Mera zomato khul jayega 🫩",16,0,
1.95375E+18,https://x.com/tarun_mayank/status/1953753013002416550,@tarun_mayank,"Hey @mrtechpedia,
Here’s a suggestion for your latest video regarding @zomato notifications: as you can see, unnecessary notifications can be turned off.",2,0,
1.95532E+18,https://x.com/KazumaArataki/status/1955318654180135343,@KazumaArataki,Makes zero sense to me that booking from the theatre's app charges the same convenience fee as apps like bms or district/zomato. Why would i choose your shitty interface app over the better more established app if it costs the same,3,0,
1.95609E+18,https://x.com/WhotheeG/status/1956093047911145777,@WhotheeG,2 bajte hi zomato khol leta hu,4,1,
1.95498E+18,https://x.com/JangawadPraveen/status/1954982527619191054,@JangawadPraveen,"Have you ever encountered rawness of being attacked by stray dogs ? Please ask Swiggy zomato delivery guys, small kids playing on streets, they might change your opinion.",2,0,
1.95599E+18,https://x.com/OmCodex_tweets/status/1955993222158676013,@OmCodex_tweets,"Just wrapped up my deep dive into the Zomato dataset.
Explored cities, cuisines, ratings, costs, and the little patterns that shape the dining scene.
Numbers tell stories—this one was all about food.
Data is the secret ingredient that turns observation into insight.",3,0,
1.95531E+18,https://x.com/ten_on_tan/status/1955314708027965528,@ten_on_tan,"i used to look out the window to see if it's raining. nowadays, i just open zomato or swiggy.",14,1,
1.6617E+18,https://x.com/kittuskatori/status/1661703730646114304,@kittuskatori,deleting Swiggy and zomato for mental peace,0,0,
1.953E+18,https://x.com/anil_lulla/status/1953001304575606873,@anil_lulla,"Can anyone read this? Obscuring number plates has become a fashion nowadays for rule breakers especially @zomato. Sent by a concerned citizen from #Kodigehalli, #Bengaluru August 3, 1914 hrs. @hebbaltrafficps @DCPTrNorthBCP @acpnortheasttr pls initiate random checks",23,8,"['#Kodigehalli', '#Bengaluru']"
1.95565E+18,https://x.com/sandhyaislavath/status/1955654321930146187,@sandhyaislavath,"Happy customer
Order from swiggy and zomato
Urs luvinglyy...@virginfruitss",88,3,
1.95349E+18,https://x.com/ArunKosli/status/1953494019532562715,@ArunKosli,"Zomato और swiggy के 
सफ़लता के पीछे किसी एक 
औरत का हाथ नहीं है लाखों आलसी औरतों का हाथ है 
",278,65,
1.95281E+18,https://x.com/Tech_glareOffl/status/1952807470533058652,@Tech_glareOffl,Swiggy and Zomato are Giving these Offers too many Times and these offers have lost their Value. ,25,1,
1.95306E+18,https://x.com/chandrarsrikant/status/1953059546752053465,@chandrarsrikant,"Alibaba-backed Antfin Singapore Holding Pte Ltd is likely to sell its entire stake in Eternal Ltd, the parent of Zomato, for Rs 5,375 crore",31,5,
1.95393E+18,https://x.com/the_futurstic/status/1953926884154310931,@the_futurstic,Zomato lo order petta UPI lite nundi pay chesa order adhe cancel ayindhi refundu osthayaa ?,2,1,
1.95497E+18,https://x.com/tiramisurabhi/status/1954970138844991970,@tiramisurabhi,"til the chances of your zomato order being late when you’ve had a bad day are less, but never zero",56,0,
1.95482E+18,https://x.com/Hemnttt/status/1954821697959309582,@Hemnttt,Zomato ab tera mazaak jydaa ho rhaa hai ,39,3,
1.95295E+18,https://x.com/aswin_loyolite/status/1952948948928446909,@aswin_loyolite,25 days without Swiggy n zomato ,3,0,
1.95569E+18,https://x.com/YearOfTheKraken/status/1955688056390115428,@YearOfTheKraken,"It's high time 
@zomato
 implements an OTP code for their delivery partners.

Had a bad experience today where the delivery partner marked my order as delivered without even bothering to deliver the food items.

On calling the delivery partner, the person at the other end of the",179,7,
1.95561E+18,https://x.com/rinpoet/status/1955605914121302250,@rinpoet,"I was bitten twice by strays in villages while on assignments and chased many a time during night shifts. I took a couple of Zomato guys, bitten by strays to PHCs for vaccination. A poor country with low literacy cannot bow to elites. Scientific Culling is essential. 
@SCofIndia",18,6,
1.84259E+18,https://x.com/Doubleehelix/status/1842585450005017013,@Doubleehelix,Really liked deepinder in shark tank 3 . Zomato anyways ahead of swiggy now,1,0,
1.95516E+18,https://x.com/Kalappak/status/1955159491634401303,@Kalappak,@YuluBike are the major culprits. Those bikes come under the cycle category. So they can go as per their wishes. Very risky and no headlight and no the riders can't do any hand signal also due to the poor vehicle control.,2,0,
1.95448E+18,https://x.com/abhjeet141/status/1954475303314588008,@abhjeet141,"Ummm ever heard of Flipkart, Ola, Cultfit, Zerodha, Reliance Industries Limited, Vedanta, Airtel, Razorpay,  Zomato, Swiggy, Vishal Mega Mart, all have been started by middle class individuals.",46,1,
1.8566E+18,https://x.com/Doubleehelix/status/1856598019245773178,@Doubleehelix,Oyo lelo ek,1,0,
1.9566E+18,https://x.com/BananaJanta/status/1956603038845821406,@BananaJanta,Zomato ke flirty notis ni aate aaj kal ,2,0,
1.95333E+18,https://x.com/diyEWW/status/1953332982913081734,@diyEWW,was scrolling through zomato and saw PINDI CHOLE BIRYANI,10,0,
1.95379E+18,https://x.com/zubeendedhia/status/1953791453601112344,@zubeendedhia,TIL Zomato was renamed to Eternal.,2,0,
1.95303E+18,https://x.com/reddy73375/status/1953033683549732878,@reddy73375,"Swiggy 

Reserves 9000cr 
Debt 1700cr 
Mcap 98000cr 

Zomato

Reserves 29400cr 
Debt 2000cr 
Mcap 288000cr

Will Swiggy double in the next 2 years?",2,0,
1.95275E+18,https://x.com/cute_sam_000/status/1952751143504753121,@cute_sam_000,"आज खाना बाहर से ऑर्डर की हूं इसलिए फुर्सत ही फुर्सत हैं, वैसे हर दूसरे या तीसरे दिन zomato जिंदाबाद का नारा लगा देती हूं!
Lazy sammy ",3,2,
1.95489E+18,https://x.com/LahotiVedang/status/1954889747547234739,@LahotiVedang,is there any good pani puri place that delivers on swiggy/zomato?,3,0,
1.95492E+18,https://x.com/ittzz_rahul/status/1954920409570455973,@ittzz_rahul,5 minute baarish hoti aur Zomato delievery band kar deta hai. I need to learn how to cook asap,27,0,
1.95352E+18,https://x.com/VIJAYJNR/status/1953524721896534347,@VIJAYJNR,"Jitne bhi gyan chod rahe hai bike wale ki galti , driving nahi aati , Car Curve par slow karke le jaani chahiye jitni speed se wo jaa raha tha accident hona tha ,Zomato wala apni lene mi tha ",119,1,
1.95348E+18,https://x.com/sureshsaran__/status/1953476896227811780,@sureshsaran__,"Zomato और swiggy के 
सफ़लता के पीछे किसी एक 

औरत का हाथ नहीं है लाखों 
आलसी औरतों का हाथ है 
",2,1,
1.95343E+18,https://x.com/aniketkrishna/status/1953425701480054947,@aniketkrishna,"they should just go the hawkins way now.. these calls add zero value..
or may be go the zomato way.. write a letter to analysts a few hours before the scheduled.. 
even better, just submit the model spreadsheet of what they are willing to project.. ",2,0,
1.95279E+18,https://x.com/pointperkspicks/status/1952788838809538998,@pointperkspicks,"Now get 3 month Swiggy One from Re.1 

Today is a good day, both Zomato Gold and Swiggy One at Re.1 ",55,4,
1.95423E+18,https://x.com/Baagi_10seclate/status/1954225972871573926,@Baagi_10seclate,"Stop ordering food guys on Zomato Swiggy whatever in Hyderabad, the roads are flooded, I’ve just seen a Swiggy delivery guy fall from his bike because of the flooded water",44,4,
1.9555E+18,https://x.com/MehulFanawala/status/1955504283706855480,@MehulFanawala,"It's still showing ""Zomato"" with message ""This ticker is no longer active"" and not ""ETERNAL"".

Watchlist isn't showing what I selected, instead showing what's default.",3,0,
1.95448E+18,https://x.com/piyush_trades/status/1954484985219473601,@piyush_trades,"I never thought someone could get addicted to zomato or blinkit.

But I guess I am addicted. I open them even when I have nothing to order.

I just order random stuffs which I don’t even intend to use fully. I will consider their stocks for sure now.",4,0,
1.95354E+18,https://x.com/Mahesh_Tennesee/status/1953540457847566452,@Mahesh_Tennesee,Special Poster for #Coolie in District by Zomato app ,209,65,['#Coolie']
1.95631E+18,https://x.com/prudvitheja29/status/1956309858564841957,@prudvitheja29,We're just getting started ,56,0,
1.9537E+18,https://x.com/DrAshishPradhan/status/1953696987951382803,@DrAshishPradhan,"It should be mandatory for restaurants listed on @Zomato and @Swiggy to upload their own food photos, rather than downloading them from the internet.",5,1,
1.95446E+18,https://x.com/AVARAKADAVARAA/status/1954464944784654653,@AVARAKADAVARAA,Jab ek sabji ban hi rhi to dusri bhi bana lete.... Zomato se koi sabji kyu hi order karega.....,2,0,
1.95409E+18,https://x.com/SaurabhJoshi/status/1954091990099906792,@SaurabhJoshi,"Hey @zomato @zomatocare @deepigoyal  -- your AI bot is quite truly, utterly useless. You're irritating customers and losing them. Do what you please with this.",3,0,
1.95273E+18,https://x.com/Inc42/status/1952731323996778858,@Inc42,"𝐎𝐍𝐃𝐂 𝐯𝐬 𝐒𝐰𝐢𝐠𝐠𝐲-𝐙𝐨𝐦𝐚𝐭𝐨: 𝐖𝐡𝐨’𝐬 𝐒𝐞𝐫𝐯𝐢𝐧𝐠 𝐭𝐡𝐞 𝐁𝐞𝐭𝐭𝐞𝐫 𝐃𝐞𝐚𝐥? 

India’s food delivery wars are heating up   

What started as a Swiggy-Zomato duopoly is now facing a serious challenger in ONDC — backed by the government, fueled by restaurant",3,1,
1.9545E+18,https://x.com/ashissshhhhhh/status/1954496994791366755,@ashissshhhhhh,Ruko abhi zomato kr deta hu,1,0,
1.95302E+18,https://x.com/dipsverse/status/1953016018319597741,@dipsverse,"bahut ho gaya zomato swiggy, ab mujhe ghar ki yellow wali dal aur chaawal chahiye.",2,0,
1.95382E+18,https://x.com/radhika_bajaj/status/1953817016621490457,@radhika_bajaj,"Me when I find someone working at Zomato or Swiggy

“Tumahara toh pura khaana free hota hoga” ",12,0,
1.95457E+18,https://x.com/CronJobQueen/status/1954569498515964126,@CronJobQueen,"Dealing with @zomatocare is way easier than Swiggy. With Swiggy, a spillage means a full chat session where you have to fight your case. In Zomato ust upload pics, they verify, and send you a coupon. Sure, I'd rather avoid spillage, but at least I don't have to play lawyer to",5,0,
1.95415E+18,https://x.com/anu2181/status/1954151397244764648,@anu2181,This is actually so cute #Zomato,3,0,['#Zomato']
1.95462E+18,https://x.com/honeywithcrypto/status/1954618696053182758,@honeywithcrypto,"Late night order from Zomato done by $USDT crypto using 
@TabiPayHQ
 card 

Small payments + Large Payments = TabiPay Card 


@Tabizens
 
@Lfuckjpg
 
@Momoxu7
 
@LinkeysB
 
@Momoa_crypto
 
@charis_em


@0xSparkle",23,1,
1.95302E+18,https://x.com/MrsWriter_X/status/1953019022359814348,@MrsWriter_X,சமைக்க சோம்பேறித்தனமா இருக்குனு Zepto ல மேகி ஆர்டர் போட்டேன்.. போட்டதுக்கு அப்புறம் தான் யோசிக்கிறேன்.. அதையும் நாம தான சமைக்கனும் னு.‌ இதுக்கு பேசாம Swiggy Zomato ல ஏதாச்சும் சாப்பாடு ஆர்டர் போட்டுருக்கலாம்! ,9,0,
1.95603E+18,https://x.com/notamandareally/status/1956033433039405475,@notamandareally,damn i was a taxiforsure and foodpanda girl before i was ola/uber and swiggy/zomato girl,5,0,
1.95384E+18,https://x.com/arpit_vermaniac/status/1953838308879941822,@arpit_vermaniac,"10 minutes on Earth = 1 minute of delivery time shown on Zepto/Swiggy/Zomato.
Nolan take notes.",2,0,
1.95365E+18,https://x.com/rishiK2033/status/1953652245318578502,@rishiK2033,"Zomato और swiggy के 
सफ़लता के पीछे किसी एक 

औरत का हाथ नहीं है लाखों 
आलसी औरतों का हाथ है 
",2,1,
1.95348E+18,https://x.com/Aismindiia/status/1953475340518748598,@Aismindiia,"Top Nifty50 Executives, Zero Salary 

 Mukesh Ambani (Reliance) & Deepinder Goyal (Zomato/Eternal) drew no salary in FY25.

 Ambani has taken zero pay since FY21.
 Goyal waived pay since April 2021 — committed till March 2026.",6,0,
1.95663E+18,https://x.com/mashrujeet/status/1956630402787074478,@mashrujeet,"Zomato order placed at 12:17 PM. ETA 12:59 PM.

Following up with customer service since then.

AI (with lots of artificial empathy):
Your order will reach by 1:28 PM; we had to reassign a partner.

After follow-ups,
AI: Your order will reach by 1:30 PM.

Again after follow ups",0,0,
1.95296E+18,https://x.com/NS7703/status/1952959926122496093,@NS7703,maa clg vallu graduation ayyaka 1yr zomato gold free ga iccharu,5,1,
1.95421E+18,https://x.com/tiwarivedant16/status/1954214385150497249,@tiwarivedant16,"@zomatocare @zomato
I joined as a delivery partner on 21 July (ID: FE6394035).The very next day, my account was locked for behaviour issues without even completing a single order.I’ve raised multiple tickets but only get the same copy-paste reply every time. No call or something",2,0,
1.80633E+18,https://x.com/varunshraddha_/status/1806329075042050311,@varunshraddha_, waah @zomato,0,0,
1.95448E+18,https://x.com/SanatanPrabhat/status/1954475849639502059,@SanatanPrabhat," “India must aim to be a ruthless superpower!” – Zomato CEO Deepinder Goyal on Trump’s 50% import duty

Economic growth, tech innovation & defence are vital - but above all, we need unshakable ambition.

#TrumpTariff #Geopolitics #TariffRow",32,26,"['#TrumpTariff', '#Geopolitics', '#TariffRow']"
1.95635E+18,https://x.com/mastkashh/status/1956352869285744972,@mastkashh,"I open zomato 
I add food to my cart 
I see the final price
I go and make Maggi",5,0,
1.95347E+18,https://x.com/thelifeofaarya/status/1953472657933865285,@thelifeofaarya,zomato wale bhaiya mere samne mujhe hi 3 stars ki rating deke gaye hain,13,0,
1.95311E+18,https://x.com/Inc42/status/1953108811142549635,@Inc42,"India’s new-age tech startups are in their profitability era — and FY25 has proven to be a breakout year for many listed players. From Info Edge leading the charts with a staggering ₹1310 Cr in net profit to Zomato, Justdial, IndiaMart and Digit crossing the ₹500 Cr mark, the",17,2,
1.9555E+18,https://x.com/aviralbhat/status/1955501627902931245,@aviralbhat,"Indian firms underinvesting in R&D may also be cultural 

Big 5 IT firms gave out $90B in dividends, built huge cash reserves, instead of reinvesting

Older Indian firms have grown up in scarcity, perhaps the mindset makes them conservative

Next-gen like Zomato will be audacious",900,57,
1.95413E+18,https://x.com/RajChheda99/status/1954126200734880132,@RajChheda99,"If we exclude the recent inclusions of Jio and Zomato, then the P/E would be in below average zone",5,0,
1.9531E+18,https://x.com/PranekiT/status/1953099289418235981,@PranekiT,"Saw a @Swiggy driver crash after a dog darted in front of him. Bystanders and I gave first aid. After 15 mins of bleeding, he insisted on delivering despite our pleas. The harsh reality of 10-min delivery. @Swiggy,@zomato please prioritize rider safety.",6,0,
1.95496E+18,https://x.com/cybervillager/status/1954959552111141346,@cybervillager,"Zomato delivering smiles, truly ",137,50,
1.95368E+18,https://x.com/imYadav31/status/1953675036197601735,@imYadav31,"First things first:
 2nd is my HDFC Infinia statement date
 On the 3rd, I load wallets through gift vouchers across all major apps I’ll use this month.
 Flipkart
 Amazon
 Swiggy
 Zomato
 Myntra

Saves time when I’m in a rush & keeps my statement clean.
No 20 tiny",42,0,
1.95405E+18,https://x.com/scorprian/status/1954054497128644937,@scorprian,Zomato order placed at 9.40 AM today in Bangalore and still waiting for it to be delivered..what a pathetic service  and when you complain you get standard robotic reply. @zomato @zomatocare  @deepigoyal .. this has been happening for last 5 orders,5,2,
1.95534E+18,https://x.com/Datarsahab/status/1955342311199506712,@Datarsahab,Sometimes we had to tip extra to Zomato delivery guys because they got attacked at night due to  silent e-scooters. Uber Moto & Rapido bikes were allowed back then (unsure now) and so was seeing dogs chase you at 9:30 AM while you’re half-asleep on your way to work.,2,0,
1.95417E+18,https://x.com/auteasm/status/1954169748893388927,@auteasm,"There should be a third food ordering app zomato & swiggy milke maa chod rhe hai industry ki , how much better is a duopoly really than a monopoly ?",9,0,
1.95585E+18,https://x.com/aniketkrishna/status/1955853077421945191,@aniketkrishna,"research update : quick commerce industry

> trying out swiggy instead of (zomato + blinkit) for the next few weeks

> no other way to develop a touch and feel of what you own. 

> so far been a very satisfied user of zomato and blinkit. 

> not a fan of zepto. in fact, i really",3,0,
1.95522E+18,https://x.com/HarUniversity/status/1955220262057550021,@HarUniversity,"People who are living in Lutyens delhi Or jorbagh type posh areas don't have any issue with Stray Dogs. 

Stray dogs is a problem for the person who is delivering products from blinkit zomato etc. 

Stray dogs is a problem of hardworking Middle class, poor and downtrodden. 

It",24,9,
1.95281E+18,https://x.com/ManmohitSandhu/status/1952805600339083739,@ManmohitSandhu,Same offer is available for Zomato Gold. I just renewed mine! ,3,0,
1.95602E+18,https://x.com/ETMONEY/status/1956019372494815444,@ETMONEY,"Bandhan Small Cap completely exited 6 companies, including large-cap names like Reliance Industries and Eternal (Zomato).

Beyond the entries and exits, the fund also reshaped its existing holdings.",18,0,
1.95644E+18,https://x.com/YearOfTheKraken/status/1956437976092979375,@YearOfTheKraken,300 rupees me mil jaata hai Zomato pe bhai ,2,0,
1.95601E+18,https://x.com/dealztrendz/status/1956011215194407107,@dealztrendz,"Buy 1 Get 1 Free (District by Zomato) – Movies

Date: 15th August only 

How it works
• Buy 2 tickets in one booking → get up to ₹250 off on the 2nd ticket (BOGO).
• Once per user, and only on your first movie booking
• Valid on all movies.",304,30,
1.95379E+18,https://x.com/samajwadi90656/status/1953786109487435810,@samajwadi90656,पैसा पहले से पेड था क्या,2,0,
1.9549E+18,https://x.com/yappedallnightt/status/1954901439752647093,@yappedallnightt,Ye zomato vale refund pura kyu nhi dete,6,0,
1.95359E+18,https://x.com/shrey_sacheti/status/1953592491476652464,@shrey_sacheti,The Zomato guy from changing lane like that and the driver for speeding on a curve he could have slowed down just a little but not he’s at minor fault,3,0,
1.95615E+18,https://x.com/bad_takes/status/1956154012308222315,@bad_takes,"one day, you will be able to prepone one million games with grontch ai. you can finally do the needful with a diablo 4 skin that costs $20. please give me money! I run 500 accounts called ""single mothers posting their Ls"" and ""race crime"" so I can buy Zomato and Swiggy every day",2,0,
1.95314E+18,https://x.com/pranavmukul/status/1953137386352742583,@pranavmukul," Ant Financial to net nearly 6X return on investment from Zomato parent stake sale

 Total investment between 2018-2020: Rs 3,246 cr

 Total exit proceeds so far: Rs 12,500 cr

 Latest exit likely to yield: Rs 5,370 cr+

@ETtech",4,2,
1.95412E+18,https://x.com/yamato_rwf/status/1954124300174389605,@yamato_rwf,"インド旅　腹壊すか日記　61食目

・ピザ、パスタ
・940ルピー/1,593円Zomato, Mumbai

ピザは美味い。パスタは甘くて不味い。インドでお腹壊す気がしない。

腹壊し回数　1回　腹壊し確率　1.63%",8,0,
1.37065E+18,https://x.com/rishushhh/status/1370645787626016772,@rishushhh,"It is obvious a poor delivery boy working under Zomato would never be abusive to the customers he's well aware that such a behavior would cost him his job. 
@zomatoin pls be fair to the guy! ",6,0,
1.95311E+18,https://x.com/yaappersville/status/1953114513282351407,@yaappersville,missing imperfection on zomato every meal being photographed in a studio is killing my appetite,5,0,
1.95229E+18,https://x.com/chartians/status/1952288133896135003,@chartians,"Quick comm, Platforms Biz consolidating nicely 

Zomato [eternal]
Paytm
Swiggy
Nykaa",110,7,
1.95568E+18,https://x.com/HariAyapps/status/1955684694865170693,@HariAyapps,"Discounting for COVID and De-monetisation, delivery apps like Zomato and Swiggy seem to be steadily contributing  towards fatal two wheeler accidents in Bangalore. 

Something needs to be done about this..",5,0,
1.95564E+18,https://x.com/upadhyay_harsh1/status/1955635794598821943,@upadhyay_harsh1,"Rapido pilots food delivery app Ownly

As per reports, it will have no commissions, platform or packaging fees, price markups, surge pricing, or extra delivery charges initially.

Zomato and Swiggy:",20,4,
1.95279E+18,https://x.com/plankt0nfart/status/1952788119515762996,@plankt0nfart,scrolled through zomato and swiggy for 20 mins and finally ended up deciding to tuck myself into bed and save up those 250rs,12,1,
1.74069E+18,https://x.com/kittuskatori/status/1740690401290567979,@kittuskatori,"Faasos acha hai na, kaafi cheap bhi hai",0,0,
1.95304E+18,https://x.com/sumedhbhagwat/status/1953043663313093051,@sumedhbhagwat,Director of  Governance risk & compliance at Eternal Zomato liquidated 85% of his holding ??,5,0,
1.95621E+18,https://x.com/ChupkarTanya/status/1956205514477469848,@ChupkarTanya,delhi ka best dosa shop btao jo zomato pr bhi available ho.,4,0,
1.95432E+18,https://x.com/WhotheeG/status/1954315779740143906,@WhotheeG,4:30 ko zomato kholte hue,2,0,
1.95313E+18,https://x.com/im_sd2001/status/1953127115727003657,@im_sd2001,"A month of being consistent at the gym 

No zomato/Swiggy/sugary foods 

5kg fat lost, 4kg muscle mass gain 

This place can change you, if you want to !!!

(Here's a pic of me sleeping happily tonight)",5,0,
1.95458E+18,https://x.com/Khushiknk/status/1954580764760150165,@Khushiknk,"i've tried zomato, i've tried swiggy, i've even tried zepto but i can bet “papa aate waqt kuch lete aayegaa” is best of all",2,0,
1.95404E+18,https://x.com/Sugamyata/status/1954040487956164916,@Sugamyata,"More than 130 crore persons with disabilities represent a huge, underserved market.
To include us, companies must:
 Follow Accessibility Standards (WCAG: https://w3.org/WAI/fundamentals/accessibility-intro/#examples…)
 Sensitize & train developers
 Take feedback from real users like us (5/6)",5,4,
1.95632E+18,https://x.com/Humblebumbum/status/1956322673144807624,@Humblebumbum,"Unpopular opinion: Zomato's delivery fee is more expensive than the actual food sometimes.

₹49 for food + ₹25 delivery + ₹10 platform fee + ₹5 packaging = ₹89 total

For a ₹49 meal 

Am I the only one who thinks this is getting out of hand?",7,1,
1.85992E+18,https://x.com/BhatnagarAanya/status/1859918956699750805,@BhatnagarAanya,"bro exactly,all comments are replies are cracking me  Zomato emo dena hoga na",0,0,
1.95516E+18,https://x.com/nithinnnm/status/1955162996776526259,@nithinnnm,"Spotify, zepto, eatclub(if you don’t order frequently), zomato or swiggy( swiggy pretty much does everything in the same app unlike zomato)
Hotstar is fine - pricing is so low that you wouldn’t mind keeping it idle",2,0,
1.95354E+18,https://x.com/motordave2/status/1953537039229677836,@motordave2,True! Looks like someone else’s order via @zomato almost delivered to Honda city driver :),2,0,
1.95567E+18,https://x.com/kswindia/status/1955665175706808326,@kswindia,"Hi @deepigoyal @zomatocare @zomato 
Can we ask the restaurants throughout to not use these black plastic boxes? I am afraid these are recycled and may cause extreme harm to our bodies especially when Hot Items are sent through them. 

Please look into this. ",7,1,
1.83321E+18,https://x.com/kittuskatori/status/1833208823232008550,@kittuskatori,Even I feel but so many ppl use zomato so I’m confused,0,0,
1.95387E+18,https://x.com/SRKzBruce/status/1953868193937993928,@SRKzBruce,Zomato new brand ambassador #ShahRukhKhan ,854,159,['#ShahRukhKhan']
1.95486E+18,https://x.com/AmuthanKan22128/status/1954859366139756865,@AmuthanKan22128,"யாராச்சும் zomato swiggy ல ஆர்டர் போட்ருந்தா delivery boy TVK காரனானு check பண்ணிருங்க....

இல்லாட்டி ஹோட்டல் வாசல்ல தான் நிக்கேன் வந்து வாங்கிக்கோங்கனு சொல்லிருவானுங்க......",639,183,
1.95415E+18,https://x.com/UtsavDutta18/status/1954147374080692256,@UtsavDutta18,SRK precisely to be Zomato's next brand ambassador,114,25,
1.95385E+18,https://x.com/Jamie_Venom/status/1953854777139269938,@Jamie_Venom,"Swiggy is geared towards ordering in stress eating lonely food. 

Zomato also has options for dining/eating out + offers. Yeah, women socialize way more than men.",6,0,
1.95359E+18,https://x.com/Sarfarosh_IND/status/1953593399153766748,@Sarfarosh_IND,"0:06 Both are at fault 
Zomato, because he went from extreme left to right without any signal
Car is at fault because the biker was in front left of the car.. it was easy for car driver to spot him coming to the right and slow down.",21,1,
1.95266E+18,https://x.com/dealztrendz/status/1952657121868136574,@dealztrendz,"Zomato Gold available for 3 months at ₹1. 

Hurry, check the Zomato app!",169,15,
1.95569E+18,https://x.com/IshanTanna1/status/1955686850850689275,@IshanTanna1,"Zomato is ramping up its food delivery push once again, as mentioned in its concall, 

by rolling out a festival special offer — free delivery on orders above ₹99, instead of the earlier ₹199 threshold.",3,0,
1.95306E+18,https://x.com/AayushA43626/status/1953060428948398145,@AayushA43626,"#antfinn to exit #eternal at 285 

can we see a lower circuit in #zomato tomorrow?

#nifty",2,0,"['#antfinn', '#eternal', '#zomato', '#nifty']"
1.95274E+18,https://x.com/avgspacelover/status/1952735050283270359,@avgspacelover,"i miss those airtel songs, wish a brand made a new one. zomato is perfectly positioned to do it",6,1,
1.95353E+18,https://x.com/abhijitmajumder/status/1953533272417611825,@abhijitmajumder,Zomato guy riding while speaking on the phone.,45,11,
1.95661E+18,https://x.com/factdominus/status/1956613028495101961,@factdominus,Next move: give Zomato delivery boys a 6-month course so they can also do brain surgery on the side.,5,1,
1.95634E+18,https://x.com/samosaslayer/status/1956339768762958077,@samosaslayer,got refunded for the delayed order !! ily @zomato thank you,2,0,
1.95554E+18,https://x.com/commentedcodex/status/1955537738117300687,@commentedcodex,"Zomato gold se bhi cab book ho rha hai 

Where is Uber? For me Uber was the fastest in Bangalore.",2,0,
1.95633E+18,https://x.com/vatsal_toxic/status/1956325008910725207,@vatsal_toxic,Food on train is the best thing by @zomato ,2,0,
1.9548E+18,https://x.com/807Arnav/status/1954801810591383834,@807Arnav,"Got my Swiggy HDFC Credit Card! 
Bye Bye Zomato ",8,0,
1.95602E+18,https://x.com/ChartAtlas/status/1956015769390854438,@ChartAtlas,"#ZOMATO #ETERNAL – 318

Gained 26%  since analysis tweeted at 253.

➔ Clean and neat trading range breakout.
➔ Good buy volume versus low sell volume.
➔ RSI gliding above 60 supports upside momentum.",6,0,"['#ZOMATO', '#ETERNAL']"
1.95638E+18,https://x.com/creditkeeda/status/1956377810198475112,@creditkeeda," Underrated Card for Fuel Spends

IndusInd Delights Debit Card (with Indus Delite Zero Balance A/c)
 5% rewards on Fuel, Dining & OTT – works at any fuel station
 ₹25K spend in 3 months → waive ₹499+GST annual fee
 Zomato – 10% off up to ₹300/month (max ₹100 per",32,12,
1.9543E+18,https://x.com/Lakshya_Dhakare/status/1954302645969260888,@Lakshya_Dhakare,"Day 40: #100DaysOfCode
Made a clone of Zomato for the first time using html.
I wrote html on my own.
CSS ----> credit goes to chatgpt.

Solved a Leetcode
#CodeNewbie #LeetCode #HTML",4,0,"['#100DaysOfCode', '#CodeNewbie', '#LeetCode', '#HTML']"
1.95378E+18,https://x.com/LancerFlying/status/1953777779817755091,@LancerFlying,"LAT Aerospace, co-founded by Zomato's Deepinder Goyal, is Developing a 24-Seater STOL Aircraft Positioned Above NAL Saras Mk2 
NAL Saras has been under development since 1991. Cancelled in 2016 and revived in 2017.
The first Saras (PT1) flew in 2004
Mark-2's maiden flight by 2027",2,0,
1.95414E+18,https://x.com/Lakshya_Dhakare/status/1954144686488056240,@Lakshya_Dhakare,"Building zomato's clone only by using html
 #HTML #Grind",2,0,"['#HTML', '#Grind']"
1.95513E+18,https://x.com/VBHATI2050/status/1955129140698583425,@VBHATI2050,"Zomato gold is free and that's only the point,
It's one of the most useless membership",4,0,
